patch_id,scene_group,n_landslide_pixels,is_positive
1,S1,405,1
2,S1,937,1
3,S1,0,0
4,S1,211,1
5,S1,265,1
6,S1,284,1
7,S1,0,0
8,S1,0,0
9,S1,28,1
10,S1,0,0
11,S1,0,0
12,S1,0,0
13,S1,0,0
14,S1,0,0
15,S1,0,0
16,S1,186,1
17,S1,44,1
18,S1,0,0
19,S1,0,0
20,S1,0,0
21,S1,0,0
22,S1,0,0
23,S1,1161,1
24,S1,253,1
25,S1,79,1
26,S1,581,1
27,S1,127,1
28,S1,951,1
29,S1,1068,1
30,S1,412,1
31,S1,6,1
32,S1,18,1
33,S1,85,1
34,S1,327,1
35,S1,2137,1
36,S1,474,1
37,S1,228,1
38,S1,297,1
39,S1,131,1
40,S1,151,1
41,S1,1074,1
42,S1,686,1
43,S1,50,1
44,S1,38,1
45,S1,0,0
46,S1,0,0
47,S1,0,0
48,S1,0,0
49,S1,21,1
50,S1,29,1
51,S1,2009,1
52,S1,0,0
53,S1,234,1
54,S1,50,1
55,S1,0,0
56,S1,0,0
57,S1,0,0
58,S1,426,1
59,S1,364,1
60,S1,41,1
61,S1,0,0
62,S1,1480,1
63,S1,686,1
64,S1,270,1
65,S1,289,1
66,S1,4,1
67,S1,275,1
68,S1,81,1
69,S1,46,1
70,S1,931,1
71,S1,426,1
72,S1,34,1
73,S1,0,0
74,S1,1549,1
75,S1,147,1
76,S1,1291,1
77,S1,96,1
78,S1,1163,1
79,S1,0,0
80,S1,0,0
81,S1,0,0
82,S1,246,1
83,S1,0,0
84,S1,133,1
85,S1,37,1
86,S1,50,1
87,S1,0,0
88,S1,233,1
89,S1,105,1
90,S1,0,0
91,S1,374,1
92,S1,284,1
93,S1,231,1
94,S1,2,1
95,S1,0,0
96,S1,0,0
97,S1,0,0
98,S1,0,0
99,S1,935,1
100,S1,479,1
101,S1,354,1
102,S1,311,1
103,S1,724,1
104,S1,665,1
105,S1,918,1
106,S1,369,1
107,S1,0,0
108,S1,348,1
109,S1,0,0
110,S1,0,0
111,S1,63,1
112,S1,925,1
113,S1,447,1
114,S1,10,1
115,S1,0,0
116,S1,93,1
117,S1,47,1
118,S1,288,1
119,S1,297,1
120,S1,41,1
121,S1,171,1
122,S1,11,1
123,S1,0,0
124,S1,13,1
125,S1,0,0
126,S1,0,0
127,S1,7,1
128,S1,187,1
129,S1,0,0
130,S1,0,0
131,S1,0,0
132,S1,114,1
133,S1,0,0
134,S1,176,1
135,S1,331,1
136,S1,56,1
137,S1,398,1
138,S1,0,0
139,S1,718,1
140,S1,1178,1
141,S1,824,1
142,S1,1036,1
143,S1,2187,1
144,S1,66,1
145,S1,157,1
146,S1,98,1
147,S1,245,1
148,S1,38,1
149,S1,172,1
150,S1,1688,1
151,S1,52,1
152,S1,107,1
153,S1,105,1
154,S1,178,1
155,S1,49,1
156,S1,0,0
157,S1,543,1
158,S1,349,1
159,S1,0,0
160,S1,206,1
161,S1,209,1
162,S1,385,1
163,S1,85,1
164,S1,58,1
165,S1,206,1
166,S1,6,1
167,S1,0,0
168,S1,90,1
169,S1,240,1
170,S1,366,1
171,S1,0,0
172,S1,0,0
173,S1,15,1
174,S1,0,0
175,S1,2130,1
176,S1,514,1
177,S1,922,1
178,S1,1639,1
179,S1,5,1
180,S1,1165,1
181,S1,493,1
182,S1,362,1
183,S1,767,1
184,S1,1986,1
185,S1,541,1
186,S1,637,1
187,S1,442,1
188,S1,105,1
189,S1,507,1
190,S1,26,1
191,S1,5235,1
192,S1,920,1
193,S1,442,1
194,S1,15,1
195,S1,580,1
196,S1,455,1
197,S1,86,1
198,S1,107,1
199,S1,849,1
200,S1,0,0
201,S1,87,1
202,S1,2955,1
203,S1,914,1
204,S1,393,1
205,S1,68,1
206,S1,0,0
207,S1,0,0
208,S1,45,1
209,S1,179,1
210,S1,0,0
211,S1,3,1
212,S1,0,0
213,S1,0,0
214,S1,0,0
215,S1,16,1
216,S1,0,0
217,S1,32,1
218,S1,0,0
219,S1,173,1
220,S1,253,1
221,S1,166,1
222,S1,647,1
223,S1,442,1
224,S1,1216,1
225,S1,1313,1
226,S1,960,1
227,S1,931,1
228,S1,513,1
229,S1,61,1
230,S1,61,1
231,S1,0,0
232,S1,782,1
233,S1,1025,1
234,S1,245,1
235,S1,35,1
236,S1,0,0
237,S1,2016,1
238,S1,755,1
239,S1,361,1
240,S1,75,1
241,S1,2520,1
242,S1,85,1
243,S1,298,1
244,S1,988,1
245,S1,74,1
246,S1,0,0
247,S1,0,0
248,S1,0,0
249,S1,0,0
250,S1,14,1
251,S1,0,0
252,S1,2,1
253,S1,264,1
254,S1,0,0
255,S1,0,0
256,S1,0,0
257,S1,0,0
258,S1,0,0
259,S1,229,1
260,S1,0,0
261,S1,1219,1
262,S1,1998,1
263,S1,2818,1
264,S1,284,1
265,S1,256,1
266,S1,292,1
267,S1,1274,1
268,S1,384,1
269,S1,1273,1
270,S1,483,1
271,S1,0,0
272,S1,26,1
273,S1,368,1
274,S1,167,1
275,S1,247,1
276,S1,0,0
277,S1,20,1
278,S1,1342,1
279,S1,0,0
280,S1,0,0
281,S1,0,0
282,S1,51,1
283,S1,1011,1
284,S1,1073,1
285,S1,2159,1
286,S1,778,1
287,S1,610,1
288,S1,0,0
289,S1,95,1
290,S1,0,0
291,S1,306,1
292,S1,199,1
293,S1,0,0
294,S1,0,0
295,S1,0,0
296,S1,0,0
297,S1,0,0
298,S1,0,0
299,S1,46,1
300,S1,969,1
301,S1,41,1
302,S1,172,1
303,S1,3811,1
304,S1,2840,1
305,S1,317,1
306,S1,178,1
307,S1,220,1
308,S1,457,1
309,S1,36,1
310,S1,167,1
311,S1,1038,1
312,S1,165,1
313,S1,421,1
314,S1,782,1
315,S1,23,1
316,S1,0,0
317,S1,66,1
318,S1,0,0
319,S1,0,0
320,S1,46,1
321,S1,341,1
322,S1,32,1
323,S1,0,0
324,S1,116,1
325,S1,384,1
326,S1,1841,1
327,S1,1834,1
328,S1,1457,1
329,S1,0,0
330,S1,152,1
331,S1,0,0
332,S1,0,0
333,S1,210,1
334,S1,258,1
335,S1,78,1
336,S1,0,0
337,S1,0,0
338,S1,0,0
339,S1,108,1
340,S1,1792,1
341,S1,3,1
342,S1,1302,1
343,S1,2245,1
344,S1,1984,1
345,S1,1805,1
346,S1,1480,1
347,S1,561,1
348,S1,470,1
349,S1,518,1
350,S1,0,0
351,S1,2883,1
352,S1,1166,1
353,S1,608,1
354,S1,177,1
355,S1,276,1
356,S1,141,1
357,S1,0,0
358,S1,278,1
359,S1,683,1
360,S1,218,1
361,S1,70,1
362,S1,13,1
363,S1,941,1
364,S1,82,1
365,S1,25,1
366,S1,671,1
367,S1,1117,1
368,S1,932,1
369,S1,378,1
370,S1,0,0
371,S1,0,0
372,S1,0,0
373,S1,65,1
374,S1,0,0
375,S1,124,1
376,S1,648,1
377,S1,47,1
378,S1,0,0
379,S1,0,0
380,S1,188,1
381,S1,1067,1
382,S1,1858,1
383,S1,2223,1
384,S1,1487,1
385,S1,1723,1
386,S1,2383,1
387,S1,415,1
388,S1,91,1
389,S1,0,0
390,S1,347,1
391,S1,1241,1
392,S1,569,1
393,S1,265,1
394,S1,42,1
395,S1,265,1
396,S1,82,1
397,S1,94,1
398,S1,226,1
399,S1,867,1
400,S1,81,1
401,S1,38,1
402,S1,0,0
403,S1,0,0
404,S1,0,0
405,S1,67,1
406,S1,59,1
407,S1,0,0
408,S1,0,0
409,S1,234,1
410,S1,355,1
411,S1,0,0
412,S1,0,0
413,S1,0,0
414,S1,0,0
415,S1,0,0
416,S1,47,1
417,S1,0,0
418,S1,0,0
419,S1,0,0
420,S1,176,1
421,S1,791,1
422,S1,648,1
423,S1,1611,1
424,S1,2424,1
425,S1,202,1
426,S1,621,1
427,S1,1948,1
428,S1,52,1
429,S1,101,1
430,S1,81,1
431,S1,0,0
432,S1,500,1
433,S1,1040,1
434,S1,3,1
435,S1,56,1
436,S1,1048,1
437,S1,369,1
438,S1,188,1
439,S1,495,1
440,S1,361,1
441,S1,128,1
442,S1,503,1
443,S1,0,0
444,S1,53,1
445,S1,1328,1
446,S1,278,1
447,S1,226,1
448,S1,0,0
449,S1,0,0
450,S1,241,1
451,S1,1034,1
452,S1,0,0
453,S1,0,0
454,S1,68,1
455,S1,0,0
456,S1,0,0
457,S1,0,0
458,S1,182,1
459,S1,244,1
460,S1,0,0
461,S1,511,1
462,S1,1199,1
463,S1,1001,1
464,S1,484,1
465,S1,575,1
466,S1,1204,1
467,S1,134,1
468,S1,360,1
469,S1,669,1
470,S1,0,0
471,S1,87,1
472,S1,266,1
473,S1,2207,1
474,S1,3819,1
475,S1,2179,1
476,S1,24,1
477,S1,2153,1
478,S1,745,1
479,S1,332,1
480,S1,165,1
481,S1,121,1
482,S1,47,1
483,S1,1929,1
484,S1,0,0
485,S1,48,1
486,S1,103,1
487,S1,0,0
488,S1,0,0
489,S1,0,0
490,S1,0,0
491,S1,0,0
492,S1,87,1
493,S1,0,0
494,S1,71,1
495,S1,107,1
496,S1,49,1
497,S1,96,1
498,S1,0,0
499,S1,0,0
500,S1,160,1
501,S1,1354,1
502,S1,491,1
503,S1,13,1
504,S1,70,1
505,S1,354,1
506,S1,150,1
507,S1,146,1
508,S1,454,1
509,S1,1247,1
510,S1,349,1
511,S1,102,1
512,S1,4837,1
513,S1,1121,1
514,S1,1814,1
515,S1,6832,1
516,S1,1791,1
517,S1,1031,1
518,S1,3831,1
519,S1,6286,1
520,S1,1937,1
521,S1,622,1
522,S1,552,1
523,S1,8,1
524,S1,0,0
525,S1,39,1
526,S1,0,0
527,S1,197,1
528,S1,31,1
529,S1,23,1
530,S1,0,0
531,S1,319,1
532,S1,0,0
533,S1,104,1
534,S1,119,1
535,S1,11,1
536,S1,39,1
537,S1,58,1
538,S1,85,1
539,S1,0,0
540,S1,0,0
541,S1,285,1
542,S1,1105,1
543,S1,1241,1
544,S1,0,0
545,S1,0,0
546,S1,0,0
547,S1,1204,1
548,S1,1423,1
549,S1,373,1
550,S1,3073,1
551,S1,0,0
552,S1,239,1
553,S1,3066,1
554,S1,2213,1
555,S1,2349,1
556,S1,1404,1
557,S1,918,1
558,S1,1539,1
559,S1,993,1
560,S1,1232,1
561,S1,1422,1
562,S1,906,1
563,S1,729,1
564,S1,285,1
565,S1,0,0
566,S1,51,1
567,S1,68,1
568,S1,0,0
569,S1,0,0
570,S1,12,1
571,S1,0,0
572,S1,0,0
573,S1,0,0
574,S1,0,0
575,S1,0,0
576,S1,168,1
577,S1,13,1
578,S1,0,0
579,S1,0,0
580,S1,0,0
581,S1,0,0
582,S1,1108,1
583,S1,133,1
584,S1,317,1
585,S1,2288,1
586,S1,986,1
587,S1,236,1
588,S1,706,1
589,S1,1236,1
590,S1,1545,1
591,S1,2657,1
592,S1,1489,1
593,S1,2093,1
594,S1,1674,1
595,S1,1325,1
596,S1,1210,1
597,S1,1642,1
598,S1,1824,1
599,S1,637,1
600,S1,272,1
601,S1,446,1
602,S1,78,1
603,S1,1123,1
604,S1,96,1
605,S1,259,1
606,S1,179,1
607,S1,396,1
608,S1,685,1
609,S1,1126,1
610,S1,0,0
611,S1,0,0
612,S1,0,0
613,S1,0,0
614,S1,0,0
615,S1,0,0
616,S1,0,0
617,S1,0,0
618,S1,0,0
619,S1,0,0
620,S1,0,0
621,S1,0,0
622,S1,370,1
623,S1,500,1
624,S1,393,1
625,S1,3267,1
626,S1,1351,1
627,S1,0,0
628,S1,0,0
629,S1,790,1
630,S1,724,1
631,S1,853,1
632,S1,327,1
633,S1,88,1
634,S1,534,1
635,S1,125,1
636,S1,612,1
637,S1,0,0
638,S1,421,1
639,S1,800,1
640,S1,108,1
641,S1,369,1
642,S1,60,1
643,S1,61,1
644,S1,90,1
645,S1,359,1
646,S1,967,1
647,S1,115,1
648,S1,0,0
649,S1,525,1
650,S1,322,1
651,S1,811,1
652,S1,24,1
653,S1,116,1
654,S1,0,0
655,S1,85,1
656,S1,4,1
657,S1,72,1
658,S1,32,1
659,S1,0,0
660,S1,0,0
661,S1,0,0
662,S1,0,0
663,S1,0,0
664,S1,24,1
665,S1,49,1
666,S1,14,1
667,S1,86,1
668,S1,589,1
669,S1,596,1
670,S1,100,1
671,S1,181,1
672,S1,0,0
673,S1,63,1
674,S1,0,0
675,S1,78,1
676,S1,12,1
677,S1,0,0
678,S1,0,0
679,S1,838,1
680,S1,842,1
681,S1,1278,1
682,S1,228,1
683,S1,1712,1
684,S1,7788,1
685,S1,574,1
686,S1,84,1
687,S1,27,1
688,S1,6,1
689,S1,168,1
690,S1,95,1
691,S1,0,0
692,S1,0,0
693,S1,0,0
694,S1,2,1
695,S1,58,1
696,S1,5,1
697,S1,287,1
698,S1,0,0
699,S1,0,0
700,S1,225,1
701,S1,0,0
702,S1,0,0
703,S1,0,0
704,S1,0,0
705,S1,0,0
706,S1,123,1
707,S1,0,0
708,S1,0,0
709,S1,0,0
710,S1,0,0
711,S1,63,1
712,S1,806,1
713,S1,53,1
714,S1,234,1
715,S1,11,1
716,S1,0,0
717,S1,24,1
718,S1,0,0
719,S1,780,1
720,S1,677,1
721,S1,469,1
722,S1,100,1
723,S1,4396,1
724,S1,4055,1
725,S1,786,1
726,S1,380,1
727,S1,91,1
728,S1,0,0
729,S1,1473,1
730,S1,748,1
731,S1,0,0
732,S1,0,0
733,S1,205,1
734,S1,0,0
735,S1,0,0
736,S1,25,1
737,S1,178,1
738,S1,108,1
739,S1,136,1
740,S1,69,1
741,S1,462,1
742,S1,75,1
743,S1,37,1
744,S1,0,0
745,S1,0,0
746,S1,0,0
747,S1,290,1
748,S1,55,1
749,S1,403,1
750,S1,0,0
751,S1,0,0
752,S1,1172,1
753,S1,251,1
754,S1,71,1
755,S1,0,0
756,S1,520,1
757,S1,806,1
758,S1,248,1
759,S1,0,0
760,S1,1499,1
761,S1,720,1
762,S1,567,1
763,S1,2781,1
764,S1,4721,1
765,S1,2155,1
766,S1,718,1
767,S1,463,1
768,S1,184,1
769,S1,114,1
770,S1,148,1
771,S1,137,1
772,S1,0,0
773,S1,302,1
774,S1,222,1
775,S1,0,0
776,S1,0,0
777,S1,20,1
778,S1,58,1
779,S1,0,0
780,S1,76,1
781,S1,0,0
782,S1,201,1
783,S1,0,0
784,S1,0,0
785,S1,0,0
786,S1,138,1
787,S1,0,0
788,S1,0,0
789,S1,246,1
790,S1,703,1
791,S1,68,1
792,S1,0,0
793,S1,123,1
794,S1,401,1
795,S1,53,1
796,S1,626,1
797,S1,42,1
798,S1,0,0
799,S1,0,0
800,S1,107,1
801,S1,1389,1
802,S1,782,1
803,S1,662,1
804,S1,1361,1
805,S1,253,1
806,S1,1298,1
807,S1,71,1
808,S1,488,1
809,S1,783,1
810,S1,52,1
811,S1,158,1
812,S1,44,1
813,S1,0,0
814,S1,0,0
815,S1,0,0
816,S1,0,0
817,S1,25,1
818,S1,87,1
819,S1,0,0
820,S1,0,0
821,S1,0,0
822,S1,226,1
823,S1,49,1
824,S1,22,1
825,S1,152,1
826,S1,0,0
827,S1,17,1
828,S1,0,0
829,S1,42,1
830,S1,3289,1
831,S1,1733,1
832,S1,753,1
833,S1,871,1
834,S1,649,1
835,S1,82,1
836,S1,886,1
837,S1,293,1
838,S1,295,1
839,S1,95,1
840,S1,188,1
841,S1,117,1
842,S1,1386,1
843,S1,300,1
844,S1,790,1
845,S1,929,1
846,S1,456,1
847,S1,90,1
848,S1,555,1
849,S1,362,1
850,S1,39,1
851,S1,0,0
852,S1,292,1
853,S1,344,1
854,S1,49,1
855,S1,58,1
856,S1,0,0
857,S1,0,0
858,S1,111,1
859,S1,0,0
860,S1,0,0
861,S1,0,0
862,S1,73,1
863,S1,91,1
864,S1,159,1
865,S1,17,1
866,S1,0,0
867,S1,391,1
868,S1,156,1
869,S1,109,1
870,S1,0,0
871,S1,2301,1
872,S1,7422,1
873,S1,7168,1
874,S1,647,1
875,S1,383,1
876,S1,157,1
877,S1,120,1
878,S1,105,1
879,S1,857,1
880,S1,698,1
881,S1,387,1
882,S1,462,1
883,S1,4148,1
884,S1,814,1
885,S1,1871,1
886,S1,3211,1
887,S1,285,1
888,S1,107,1
889,S1,99,1
890,S1,1234,1
891,S1,369,1
892,S1,0,0
893,S1,225,1
894,S1,93,1
895,S1,0,0
896,S1,32,1
897,S1,0,0
898,S1,18,1
899,S1,36,1
900,S1,31,1
901,S1,0,0
902,S1,0,0
903,S1,52,1
904,S1,186,1
905,S1,99,1
906,S1,638,1
907,S1,116,1
908,S1,95,1
909,S1,114,1
910,S1,544,1
911,S1,64,1
912,S1,122,1
913,S1,695,1
914,S1,1000,1
915,S1,1147,1
916,S1,32,1
917,S1,167,1
918,S1,305,1
919,S1,588,1
920,S1,37,1
921,S1,1593,1
922,S1,454,1
923,S1,568,1
924,S1,534,1
925,S1,616,1
926,S1,1722,1
927,S1,700,1
928,S1,531,1
929,S1,278,1
930,S1,285,1
931,S1,79,1
932,S1,896,1
933,S1,0,0
934,S1,2102,1
935,S1,0,0
936,S1,29,1
937,S1,0,0
938,S1,0,0
939,S1,0,0
940,S1,116,1
941,S1,27,1
942,S1,0,0
943,S1,0,0
944,S1,455,1
945,S1,74,1
946,S1,188,1
947,S1,365,1
948,S1,396,1
949,S1,0,0
950,S1,0,0
951,S1,231,1
952,S1,363,1
953,S1,23,1
954,S1,397,1
955,S1,156,1
956,S1,55,1
957,S1,285,1
958,S1,847,1
959,S1,454,1
960,S1,455,1
961,S1,89,1
962,S1,135,1
963,S1,524,1
964,S1,509,1
965,S1,113,1
966,S1,433,1
967,S1,275,1
968,S1,510,1
969,S1,393,1
970,S1,121,1
971,S1,525,1
972,S1,564,1
973,S1,781,1
974,S1,190,1
975,S1,517,1
976,S1,36,1
977,S1,29,1
978,S1,92,1
979,S1,0,0
980,S1,0,0
981,S1,145,1
982,S1,0,0
983,S1,0,0
984,S1,0,0
985,S1,633,1
986,S1,223,1
987,S1,161,1
988,S1,1,1
989,S1,248,1
990,S1,80,1
991,S1,20,1
992,S1,20,1
993,S1,438,1
994,S1,501,1
995,S1,28,1
996,S1,524,1
997,S1,0,0
998,S1,0,0
999,S1,769,1
1000,S1,35,1
1001,S1,1979,1
1002,S1,810,1
1003,S1,716,1
1004,S1,1302,1
1005,S1,606,1
1006,S1,775,1
1007,S1,1537,1
1008,S1,1607,1
1009,S1,1457,1
1010,S1,518,1
1011,S1,712,1
1012,S1,107,1
1013,S1,349,1
1014,S1,83,1
1015,S1,465,1
1016,S1,841,1
1017,S1,83,1
1018,S1,81,1
1019,S1,0,0
1020,S1,90,1
1021,S1,0,0
1022,S1,27,1
1023,S1,0,0
1024,S1,0,0
1025,S1,0,0
1026,S1,979,1
1027,S1,495,1
1028,S1,1539,1
1029,S1,291,1
1030,S1,0,0
1031,S1,149,1
1032,S1,213,1
1033,S1,115,1
1034,S1,733,1
1035,S1,295,1
1036,S1,119,1
1037,S1,14,1
1038,S1,68,1
1039,S1,130,1
1040,S1,0,0
1041,S1,0,0
1042,S1,0,0
1043,S1,2104,1
1044,S1,914,1
1045,S1,1298,1
1046,S1,285,1
1047,S1,573,1
1048,S1,43,1
1049,S1,1103,1
1050,S1,290,1
1051,S1,274,1
1052,S1,185,1
1053,S1,380,1
1054,S1,250,1
1055,S1,185,1
1056,S1,195,1
1057,S1,0,0
1058,S1,0,0
1059,S1,1006,1
1060,S1,85,1
1061,S1,468,1
1062,S1,13,1
1063,S1,115,1
1064,S1,56,1
1065,S1,40,1
1066,S1,0,0
1067,S1,306,1
1068,S1,205,1
1069,S1,507,1
1070,S1,846,1
1071,S1,369,1
1072,S1,821,1
1073,S1,836,1
1074,S1,368,1
1075,S1,57,1
1076,S1,122,1
1077,S1,32,1
1078,S1,0,0
1079,S1,37,1
1080,S1,74,1
1081,S1,209,1
1082,S1,629,1
1083,S1,0,0
1084,S1,293,1
1085,S1,324,1
1086,S1,322,1
1087,S1,1161,1
1088,S1,1373,1
1089,S1,980,1
1090,S1,677,1
1091,S1,146,1
1092,S1,94,1
1093,S1,0,0
1094,S1,2323,1
1095,S1,1640,1
1096,S1,8,1
1097,S1,0,0
1098,S1,0,0
1099,S1,0,0
1100,S1,0,0
1101,S1,0,0
1102,S1,448,1
1103,S1,0,0
1104,S1,0,0
1105,S1,28,1
1106,S1,0,0
1107,S1,0,0
1108,S1,80,1
1109,S1,0,0
1110,S1,188,1
1111,S1,137,1
1112,S1,1511,1
1113,S1,628,1
1114,S1,423,1
1115,S1,326,1
1116,S1,1136,1
1117,S1,590,1
1118,S1,0,0
1119,S1,827,1
1120,S1,256,1
1121,S1,563,1
1122,S1,86,1
1123,S1,894,1
1124,S1,937,1
1125,S1,46,1
1126,S1,263,1
1127,S1,1997,1
1128,S1,92,1
1129,S1,137,1
1130,S1,472,1
1131,S1,837,1
1132,S1,45,1
1133,S1,667,1
1134,S1,0,0
1135,S1,0,0
1136,S1,5,1
1137,S1,20,1
1138,S1,0,0
1139,S1,0,0
1140,S1,93,1
1141,S1,207,1
1142,S1,204,1
1143,S1,28,1
1144,S1,0,0
1145,S1,0,0
1146,S1,0,0
1147,S1,0,0
1148,S1,0,0
1149,S1,0,0
1150,S1,0,0
1151,S1,0,0
1152,S1,539,1
1153,S1,281,1
1154,S1,722,1
1155,S1,493,1
1156,S1,7,1
1157,S1,233,1
1158,S1,320,1
1159,S1,0,0
1160,S1,385,1
1161,S1,119,1
1162,S1,583,1
1163,S1,739,1
1164,S1,1901,1
1165,S1,34,1
1166,S1,195,1
1167,S1,451,1
1168,S1,279,1
1169,S1,10,1
1170,S1,568,1
1171,S1,439,1
1172,S1,410,1
1173,S1,140,1
1174,S1,277,1
1175,S1,14,1
1176,S1,0,0
1177,S1,0,0
1178,S1,60,1
1179,S1,182,1
1180,S1,136,1
1181,S1,0,0
1182,S1,361,1
1183,S1,69,1
1184,S1,0,0
1185,S1,49,1
1186,S1,0,0
1187,S1,0,0
1188,S1,0,0
1189,S1,0,0
1190,S1,0,0
1191,S1,0,0
1192,S1,63,1
1193,S1,480,1
1194,S1,128,1
1195,S1,2376,1
1196,S1,355,1
1197,S1,101,1
1198,S1,408,1
1199,S1,735,1
1200,S1,638,1
1201,S1,351,1
1202,S1,0,0
1203,S1,0,0
1204,S1,0,0
1205,S1,30,1
1206,S1,557,1
1207,S1,808,1
1208,S1,1000,1
1209,S1,1243,1
1210,S1,1410,1
1211,S1,954,1
1212,S1,195,1
1213,S1,120,1
1214,S1,769,1
1215,S1,492,1
1216,S1,213,1
1217,S1,1024,1
1218,S1,389,1
1219,S1,384,1
1220,S1,70,1
1221,S1,0,0
1222,S1,0,0
1223,S1,0,0
1224,S1,0,0
1225,S1,0,0
1226,S1,0,0
1227,S1,66,1
1228,S1,0,0
1229,S1,0,0
1230,S1,0,0
1231,S1,54,1
1232,S1,2114,1
1233,S1,760,1
1234,S1,0,0
1235,S1,0,0
1236,S1,247,1
1237,S1,392,1
1238,S1,17,1
1239,S1,147,1
1240,S1,347,1
1241,S1,48,1
1242,S1,25,1
1243,S1,0,0
1244,S1,0,0
1245,S1,0,0
1246,S1,10,1
1247,S1,367,1
1248,S1,0,0
1249,S1,1414,1
1250,S1,1729,1
1251,S1,1462,1
1252,S1,592,1
1253,S1,444,1
1254,S1,50,1
1255,S1,87,1
1256,S1,142,1
1257,S1,755,1
1258,S1,1906,1
1259,S1,276,1
1260,S1,191,1
1261,S1,0,0
1262,S1,35,1
1263,S1,145,1
1264,S1,142,1
1265,S1,0,0
1266,S1,0,0
1267,S1,28,1
1268,S1,12,1
1269,S1,0,0
1270,S1,20,1
1271,S1,0,0
1272,S1,0,0
1273,S1,101,1
1274,S1,92,1
1275,S1,18,1
1276,S1,0,0
1277,S1,194,1
1278,S1,315,1
1279,S1,248,1
1280,S1,634,1
1281,S1,724,1
1282,S1,328,1
1283,S1,1337,1
1284,S1,382,1
1285,S1,1330,1
1286,S1,0,0
1287,S1,0,0
1288,S1,170,1
1289,S1,173,1
1290,S1,896,1
1291,S1,126,1
1292,S1,237,1
1293,S1,460,1
1294,S1,573,1
1295,S1,692,1
1296,S1,52,1
1297,S1,98,1
1298,S1,128,1
1299,S1,586,1
1300,S1,0,0
1301,S1,0,0
1302,S1,199,1
1303,S1,346,1
1304,S1,184,1
1305,S1,0,0
1306,S1,0,0
1307,S1,0,0
1308,S1,0,0
1309,S1,45,1
1310,S1,0,0
1311,S1,0,0
1312,S1,0,0
1313,S1,0,0
1314,S1,135,1
1315,S1,69,1
1316,S1,27,1
1317,S1,33,1
1318,S1,102,1
1319,S1,74,1
1320,S1,100,1
1321,S1,478,1
1322,S1,100,1
1323,S1,145,1
1324,S1,102,1
1325,S1,432,1
1326,S1,216,1
1327,S1,510,1
1328,S1,1042,1
1329,S1,1942,1
1330,S1,1300,1
1331,S1,1769,1
1332,S1,1254,1
1333,S1,1016,1
1334,S1,4227,1
1335,S1,1017,1
1336,S1,31,1
1337,S1,208,1
1338,S1,258,1
1339,S1,0,0
1340,S1,41,1
1341,S1,0,0
1342,S1,7,1
1343,S1,36,1
1344,S1,375,1
1345,S1,0,0
1346,S1,0,0
1347,S1,0,0
1348,S1,0,0
1349,S1,0,0
1350,S1,33,1
1351,S1,9,1
1352,S1,55,1
1353,S1,0,0
1354,S1,0,0
1355,S1,0,0
1356,S1,0,0
1357,S1,51,1
1358,S1,457,1
1359,S1,390,1
1360,S1,111,1
1361,S1,0,0
1362,S1,0,0
1363,S1,979,1
1364,S1,248,1
1365,S1,285,1
1366,S1,742,1
1367,S1,599,1
1368,S1,890,1
1369,S1,1119,1
1370,S1,706,1
1371,S1,700,1
1372,S1,492,1
1373,S1,1339,1
1374,S1,1300,1
1375,S1,416,1
1376,S1,688,1
1377,S1,2,1
1378,S1,681,1
1379,S1,0,0
1380,S1,0,0
1381,S1,98,1
1382,S1,21,1
1383,S1,0,0
1384,S1,16,1
1385,S1,109,1
1386,S1,0,0
1387,S1,0,0
1388,S1,0,0
1389,S1,0,0
1390,S1,0,0
1391,S1,0,0
1392,S1,255,1
1393,S1,57,1
1394,S1,0,0
1395,S1,41,1
1396,S1,158,1
1397,S1,543,1
1398,S1,372,1
1399,S1,376,1
1400,S1,276,1
1401,S1,0,0
1402,S1,520,1
1403,S1,0,0
1404,S1,214,1
1405,S1,497,1
1406,S1,260,1
1407,S1,973,1
1408,S1,1709,1
1409,S1,1158,1
1410,S1,767,1
1411,S1,1680,1
1412,S1,134,1
1413,S1,1026,1
1414,S1,1495,1
1415,S1,941,1
1416,S1,133,1
1417,S1,144,1
1418,S1,0,0
1419,S1,53,1
1420,S1,0,0
1421,S1,0,0
1422,S1,21,1
1423,S1,26,1
1424,S1,0,0
1425,S1,617,1
1426,S1,234,1
1427,S1,0,0
1428,S1,0,0
1429,S1,0,0
1430,S1,24,1
1431,S1,0,0
1432,S1,0,0
1433,S1,0,0
1434,S1,0,0
1435,S1,0,0
1436,S1,95,1
1437,S1,127,1
1438,S1,355,1
1439,S1,0,0
1440,S1,14,1
1441,S1,40,1
1442,S1,73,1
1443,S1,130,1
1444,S1,130,1
1445,S1,9,1
1446,S1,517,1
1447,S1,333,1
1448,S1,789,1
1449,S1,43,1
1450,S1,270,1
1451,S1,1143,1
1452,S1,1795,1
1453,S1,2317,1
1454,S1,718,1
1455,S1,233,1
1456,S1,1831,1
1457,S1,608,1
1458,S1,479,1
1459,S1,233,1
1460,S1,14,1
1461,S1,51,1
1462,S1,29,1
1463,S1,207,1
1464,S1,38,1
1465,S1,97,1
1466,S1,223,1
1467,S1,93,1
1468,S1,16,1
1469,S1,918,1
1470,S1,541,1
1471,S1,0,0
1472,S1,0,0
1473,S1,0,0
1474,S1,0,0
1475,S1,0,0
1476,S1,0,0
1477,S1,0,0
1478,S1,34,1
1479,S1,0,0
1480,S1,355,1
1481,S1,134,1
1482,S1,14,1
1483,S1,173,1
1484,S1,126,1
1485,S1,838,1
1486,S1,636,1
1487,S1,1691,1
1488,S1,375,1
1489,S1,261,1
1490,S1,1154,1
1491,S1,377,1
1492,S1,243,1
1493,S1,256,1
1494,S1,100,1
1495,S1,4612,1
1496,S1,2535,1
1497,S1,3382,1
1498,S1,2795,1
1499,S1,301,1
1500,S1,906,1
1501,S1,433,1
1502,S1,0,0
1503,S1,0,0
1504,S1,47,1
1505,S1,213,1
1506,S1,573,1
1507,S1,369,1
1508,S1,299,1
1509,S1,164,1
1510,S1,289,1
1511,S1,39,1
1512,S1,0,0
1513,S1,79,1
1514,S1,986,1
1515,S1,0,0
1516,S1,0,0
1517,S1,0,0
1518,S1,0,0
1519,S1,0,0
1520,S1,10,1
1521,S1,20,1
1522,S1,201,1
1523,S1,525,1
1524,S1,707,1
1525,S1,134,1
1526,S1,1006,1
1527,S1,298,1
1528,S1,879,1
1529,S1,1397,1
1530,S1,53,1
1531,S1,90,1
1532,S1,320,1
1533,S1,937,1
1534,S1,843,1
1535,S1,993,1
1536,S1,2903,1
1537,S1,1748,1
1538,S1,4408,1
1539,S1,975,1
1540,S1,462,1
1541,S1,1401,1
1542,S1,1883,1
1543,S1,128,1
1544,S1,91,1
1545,S1,0,0
1546,S1,0,0
1547,S1,434,1
1548,S1,195,1
1549,S1,85,1
1550,S1,140,1
1551,S1,0,0
1552,S1,81,1
1553,S1,0,0
1554,S1,0,0
1555,S1,0,0
1556,S1,0,0
1557,S1,0,0
1558,S1,0,0
1559,S1,0,0
1560,S1,0,0
1561,S1,6,1
1562,S1,196,1
1563,S1,0,0
1564,S1,55,1
1565,S1,88,1
1566,S1,148,1
1567,S1,578,1
1568,S1,1442,1
1569,S1,1624,1
1570,S1,5,1
1571,S1,2216,1
1572,S1,1414,1
1573,S1,1305,1
1574,S1,590,1
1575,S1,867,1
1576,S1,2487,1
1577,S1,1454,1
1578,S1,2012,1
1579,S1,1144,1
1580,S1,490,1
1581,S1,419,1
1582,S1,576,1
1583,S1,1255,1
1584,S1,115,1
1585,S1,0,0
1586,S1,206,1
1587,S1,91,1
1588,S1,332,1
1589,S1,326,1
1590,S1,50,1
1591,S1,195,1
1592,S1,254,1
1593,S1,0,0
1594,S1,0,0
1595,S1,0,0
1596,S1,0,0
1597,S1,0,0
1598,S1,0,0
1599,S1,0,0
1600,S1,0,0
1601,S1,0,0
1602,S1,0,0
1603,S1,258,1
1604,S1,0,0
1605,S1,99,1
1606,S1,272,1
1607,S1,1146,1
1608,S1,449,1
1609,S1,874,1
1610,S1,815,1
1611,S1,517,1
1612,S1,962,1
1613,S1,495,1
1614,S1,209,1
1615,S1,119,1
1616,S1,449,1
1617,S1,1810,1
1618,S1,1693,1
1619,S1,1170,1
1620,S1,742,1
1621,S1,1703,1
1622,S1,981,1
1623,S1,670,1
1624,S1,195,1
1625,S1,94,1
1626,S1,0,0
1627,S1,181,1
1628,S1,2,1
1629,S1,66,1
1630,S1,3811,1
1631,S1,640,1
1632,S1,448,1
1633,S1,49,1
1634,S1,121,1
1635,S1,101,1
1636,S1,0,0
1637,S1,16,1
1638,S1,0,0
1639,S1,0,0
1640,S1,0,0
1641,S1,162,1
1642,S1,0,0
1643,S1,0,0
1644,S1,577,1
1645,S1,0,0
1646,S1,166,1
1647,S1,247,1
1648,S1,1230,1
1649,S1,166,1
1650,S1,314,1
1651,S1,1417,1
1652,S1,3047,1
1653,S1,1042,1
1654,S1,122,1
1655,S1,728,1
1656,S1,335,1
1657,S1,3141,1
1658,S1,1747,1
1659,S1,1979,1
1660,S1,2918,1
1661,S1,708,1
1662,S1,1480,1
1663,S1,525,1
1664,S1,602,1
1665,S1,593,1
1666,S1,0,0
1667,S1,0,0
1668,S1,0,0
1669,S1,0,0
1670,S1,0,0
1671,S1,43,1
1672,S1,2519,1
1673,S1,845,1
1674,S1,1491,1
1675,S1,109,1
1676,S1,540,1
1677,S1,0,0
1678,S1,0,0
1679,S1,0,0
1680,S1,0,0
1681,S1,0,0
1682,S1,0,0
1683,S1,22,1
1684,S1,573,1
1685,S1,51,1
1686,S1,24,1
1687,S1,410,1
1688,S1,936,1
1689,S1,280,1
1690,S1,495,1
1691,S1,1506,1
1692,S1,811,1
1693,S1,1599,1
1694,S1,337,1
1695,S1,250,1
1696,S1,513,1
1697,S1,234,1
1698,S1,5656,1
1699,S1,1152,1
1700,S1,2133,1
1701,S1,1035,1
1702,S1,2555,1
1703,S1,1587,1
1704,S1,292,1
1705,S1,457,1
1706,S1,477,1
1707,S1,0,0
1708,S1,0,0
1709,S1,0,0
1710,S1,20,1
1711,S1,0,0
1712,S1,13,1
1713,S1,0,0
1714,S1,164,1
1715,S1,0,0
1716,S1,0,0
1717,S1,33,1
1718,S1,0,0
1719,S1,43,1
1720,S1,0,0
1721,S1,0,0
1722,S1,0,0
1723,S1,0,0
1724,S1,71,1
1725,S1,258,1
1726,S1,49,1
1727,S1,0,0
1728,S1,286,1
1729,S1,64,1
1730,S1,400,1
1731,S1,301,1
1732,S1,979,1
1733,S1,749,1
1734,S1,698,1
1735,S1,699,1
1736,S1,693,1
1737,S1,529,1
1738,S1,1446,1
1739,S1,3906,1
1740,S1,2993,1
1741,S1,3440,1
1742,S1,2843,1
1743,S1,2190,1
1744,S1,900,1
1745,S1,1194,1
1746,S1,467,1
1747,S1,339,1
1748,S1,0,0
1749,S1,0,0
1750,S1,0,0
1751,S1,81,1
1752,S1,13,1
1753,S1,96,1
1754,S1,0,0
1755,S1,707,1
1756,S1,166,1
1757,S1,0,0
1758,S1,0,0
1759,S1,47,1
1760,S1,0,0
1761,S1,0,0
1762,S1,0,0
1763,S1,0,0
1764,S1,0,0
1765,S1,0,0
1766,S1,0,0
1767,S1,0,0
1768,S1,676,1
1769,S1,606,1
1770,S1,577,1
1771,S1,318,1
1772,S1,118,1
1773,S1,810,1
1774,S1,1697,1
1775,S1,3099,1
1776,S1,1925,1
1777,S1,2775,1
1778,S1,153,1
1779,S1,1803,1
1780,S1,2590,1
1781,S1,1775,1
1782,S1,905,1
1783,S1,1641,1
1784,S1,1072,1
1785,S1,706,1
1786,S1,898,1
1787,S1,617,1
1788,S1,51,1
1789,S1,0,0
1790,S1,0,0
1791,S1,0,0
1792,S1,244,1
1793,S1,792,1
1794,S1,220,1
1795,S1,39,1
1796,S1,0,0
1797,S1,398,1
1798,S1,0,0
1799,S1,23,1
1800,S1,0,0
1801,S1,0,0
1802,S1,0,0
1803,S1,0,0
1804,S1,0,0
1805,S1,0,0
1806,S1,0,0
1807,S1,107,1
1808,S1,0,0
1809,S1,292,1
1810,S1,862,1
1811,S1,135,1
1812,S1,464,1
1813,S1,1168,1
1814,S1,50,1
1815,S1,0,0
1816,S1,346,1
1817,S1,3901,1
1818,S1,1670,1
1819,S1,669,1
1820,S1,141,1
1821,S1,3023,1
1822,S1,2834,1
1823,S1,2950,1
1824,S1,281,1
1825,S1,1636,1
1826,S1,337,1
1827,S1,194,1
1828,S1,580,1
1829,S1,11,1
1830,S1,0,0
1831,S1,17,1
1832,S1,83,1
1833,S1,289,1
1834,S1,428,1
1835,S1,0,0
1836,S1,61,1
1837,S1,0,0
1838,S1,22,1
1839,S1,23,1
1840,S1,0,0
1841,S1,0,0
1842,S1,0,0
1843,S1,0,0
1844,S1,0,0
1845,S1,0,0
1846,S1,0,0
1847,S1,0,0
1848,S1,0,0
1849,S1,0,0
1850,S1,48,1
1851,S1,168,1
1852,S1,0,0
1853,S1,241,1
1854,S1,806,1
1855,S1,85,1
1856,S1,866,1
1857,S1,107,1
1858,S1,1716,1
1859,S1,880,1
1860,S1,1554,1
1861,S1,1629,1
1862,S1,4047,1
1863,S1,2042,1
1864,S1,1029,1
1865,S1,1269,1
1866,S1,1013,1
1867,S1,10,1
1868,S1,93,1
1869,S1,1303,1
1870,S1,0,0
1871,S1,0,0
1872,S1,589,1
1873,S1,0,0
1874,S1,10,1
1875,S1,99,1
1876,S1,112,1
1877,S1,0,0
1878,S1,0,0
1879,S1,124,1
1880,S1,146,1
1881,S1,8,1
1882,S1,0,0
1883,S1,0,0
1884,S1,0,0
1885,S1,0,0
1886,S1,0,0
1887,S1,0,0
1888,S1,0,0
1889,S1,122,1
1890,S1,0,0
1891,S1,79,1
1892,S1,41,1
1893,S1,24,1
1894,S1,16,1
1895,S1,384,1
1896,S1,873,1
1897,S1,2525,1
1898,S1,767,1
1899,S1,1015,1
1900,S1,2782,1
1901,S1,1419,1
1902,S1,634,1
1903,S1,696,1
1904,S1,567,1
1905,S1,541,1
1906,S1,939,1
1907,S1,520,1
1908,S1,104,1
1909,S1,83,1
1910,S1,1217,1
1911,S1,0,0
1912,S1,154,1
1913,S1,309,1
1914,S1,6,1
1915,S1,54,1
1916,S1,715,1
1917,S1,64,1
1918,S1,53,1
1919,S1,9,1
1920,S1,176,1
1921,S1,0,0
1922,S1,0,0
1923,S1,0,0
1924,S1,0,0
1925,S1,0,0
1926,S1,0,0
1927,S1,0,0
1928,S1,0,0
1929,S1,0,0
1930,S1,10,1
1931,S1,0,0
1932,S1,0,0
1933,S1,50,1
1934,S1,17,1
1935,S1,0,0
1936,S1,141,1
1937,S1,0,0
1938,S1,231,1
1939,S1,479,1
1940,S1,872,1
1941,S1,1382,1
1942,S1,1078,1
1943,S1,292,1
1944,S1,806,1
1945,S1,48,1
1946,S1,506,1
1947,S1,846,1
1948,S1,543,1
1949,S1,478,1
1950,S1,17,1
1951,S1,54,1
1952,S1,369,1
1953,S1,918,1
1954,S1,388,1
1955,S1,84,1
1956,S1,11,1
1957,S1,2338,1
1958,S1,2327,1
1959,S1,0,0
1960,S1,76,1
1961,S1,0,0
1962,S1,0,0
1963,S1,0,0
1964,S1,0,0
1965,S1,0,0
1966,S1,0,0
1967,S1,0,0
1968,S1,0,0
1969,S1,0,0
1970,S1,0,0
1971,S1,0,0
1972,S1,54,1
1973,S1,0,0
1974,S1,211,1
1975,S1,415,1
1976,S1,1136,1
1977,S1,975,1
1978,S1,172,1
1979,S1,537,1
1980,S1,489,1
1981,S1,582,1
1982,S1,849,1
1983,S1,354,1
1984,S1,1573,1
1985,S1,1710,1
1986,S1,111,1
1987,S1,412,1
1988,S1,932,1
1989,S1,411,1
1990,S1,805,1
1991,S1,802,1
1992,S1,632,1
1993,S1,722,1
1994,S1,486,1
1995,S1,947,1
1996,S1,784,1
1997,S1,83,1
1998,S1,981,1
1999,S1,249,1
2000,S1,678,1
2001,S1,66,1
2002,S1,0,0
2003,S1,0,0
2004,S1,0,0
2005,S1,0,0
2006,S1,0,0
2007,S1,0,0
2008,S1,0,0
2009,S1,0,0
2010,S1,0,0
2011,S1,0,0
2012,S1,0,0
2013,S1,0,0
2014,S1,0,0
2015,S1,77,1
2016,S1,212,1
2017,S1,1926,1
2018,S1,39,1
2019,S1,298,1
2020,S1,1516,1
2021,S1,1886,1
2022,S1,69,1
2023,S1,510,1
2024,S1,3054,1
2025,S1,2080,1
2026,S1,858,1
2027,S1,463,1
2028,S1,583,1
2029,S1,957,1
2030,S1,906,1
2031,S1,625,1
2032,S1,1796,1
2033,S1,2009,1
2034,S1,79,1
2035,S1,348,1
2036,S1,1002,1
2037,S1,482,1
2038,S1,0,0
2039,S1,20,1
2040,S1,0,0
2041,S1,0,0
2042,S1,0,0
2043,S1,0,0
2044,S1,0,0
2045,S1,0,0
2046,S1,0,0
2047,S1,0,0
2048,S1,0,0
2049,S1,0,0
2050,S1,0,0
2051,S1,0,0
2052,S1,0,0
2053,S1,0,0
2054,S1,0,0
2055,S1,546,1
2056,S1,400,1
2057,S1,332,1
2058,S1,870,1
2059,S1,122,1
2060,S1,572,1
2061,S1,735,1
2062,S1,159,1
2063,S1,1477,1
2064,S1,1019,1
2065,S1,2252,1
2066,S1,1270,1
2067,S1,1470,1
2068,S1,641,1
2069,S1,205,1
2070,S1,154,1
2071,S1,498,1
2072,S1,272,1
2073,S1,67,1
2074,S1,388,1
2075,S1,300,1
2076,S1,0,0
2077,S1,0,0
2078,S1,0,0
2079,S1,73,1
2080,S1,0,0
2081,S1,0,0
2082,S1,0,0
2083,S1,0,0
2084,S1,0,0
2085,S1,0,0
2086,S1,0,0
2087,S1,0,0
2088,S1,0,0
2089,S1,0,0
2090,S1,0,0
2091,S1,0,0
2092,S1,0,0
2093,S1,0,0
2094,S1,0,0
2095,S1,0,0
2096,S1,1523,1
2097,S1,434,1
2098,S1,309,1
2099,S1,0,0
2100,S1,0,0
2101,S1,1125,1
2102,S1,2289,1
2103,S1,902,1
2104,S1,2238,1
2105,S1,1777,1
2106,S1,2147,1
2107,S1,2213,1
2108,S1,675,1
2109,S1,1382,1
2110,S1,18,1
2111,S1,67,1
2112,S1,371,1
2113,S1,0,0
2114,S1,10,1
2115,S1,105,1
2116,S1,0,0
2117,S1,0,0
2118,S1,62,1
2119,S1,26,1
2120,S1,58,1
2121,S1,71,1
2122,S1,0,0
2123,S1,342,1
2124,S1,130,1
2125,S1,264,1
2126,S1,0,0
2127,S1,0,0
2128,S1,0,0
2129,S1,0,0
2130,S1,0,0
2131,S1,0,0
2132,S1,0,0
2133,S1,0,0
2134,S1,0,0
2135,S1,28,1
2136,S1,138,1
2137,S1,5,1
2138,S1,64,1
2139,S1,85,1
2140,S1,57,1
2141,S1,0,0
2142,S1,1154,1
2143,S1,781,1
2144,S1,1332,1
2145,S1,2701,1
2146,S1,3924,1
2147,S1,2784,1
2148,S1,3581,1
2149,S1,1256,1
2150,S1,583,1
2151,S1,255,1
2152,S1,185,1
2153,S1,0,0
2154,S1,0,0
2155,S1,59,1
2156,S1,0,0
2157,S1,614,1
2158,S1,162,1
2159,S1,0,0
2160,S1,32,1
2161,S1,96,1
2162,S1,115,1
2163,S1,0,0
2164,S1,95,1
2165,S1,0,0
2166,S1,0,0
2167,S1,0,0
2168,S1,0,0
2169,S1,0,0
2170,S1,0,0
2171,S1,0,0
2172,S1,0,0
2173,S1,0,0
2174,S1,0,0
2175,S1,0,0
2176,S1,44,1
2177,S1,170,1
2178,S1,79,1
2179,S1,132,1
2180,S1,0,0
2181,S1,0,0
2182,S1,655,1
2183,S1,189,1
2184,S1,328,1
2185,S1,829,1
2186,S1,3522,1
2187,S1,4861,1
2188,S1,1434,1
2189,S1,3892,1
2190,S1,1702,1
2191,S1,818,1
2192,S1,259,1
2193,S1,636,1
2194,S1,0,0
2195,S1,0,0
2196,S1,0,0
2197,S1,0,0
2198,S1,0,0
2199,S1,521,1
2200,S1,131,1
2201,S1,170,1
2202,S1,25,1
2203,S1,194,1
2204,S1,70,1
2205,S1,0,0
2206,S1,0,0
2207,S1,70,1
2208,S1,0,0
2209,S1,0,0
2210,S1,0,0
2211,S1,0,0
2212,S1,0,0
2213,S1,0,0
2214,S1,0,0
2215,S1,0,0
2216,S1,0,0
2217,S1,0,0
2218,S1,0,0
2219,S1,18,1
2220,S1,0,0
2221,S1,230,1
2222,S1,237,1
2223,S1,612,1
2224,S1,533,1
2225,S1,308,1
2226,S1,458,1
2227,S1,2248,1
2228,S1,2957,1
2229,S1,967,1
2230,S1,3635,1
2231,S1,1126,1
2232,S1,1398,1
2233,S1,868,1
2234,S1,269,1
2235,S1,0,0
2236,S1,0,0
2237,S1,0,0
2238,S1,74,1
2239,S1,0,0
2240,S1,0,0
2241,S1,460,1
2242,S1,702,1
2243,S1,0,0
2244,S1,108,1
2245,S1,0,0
2246,S1,0,0
2247,S1,0,0
2248,S1,0,0
2249,S1,0,0
2250,S1,0,0
2251,S1,0,0
2252,S1,0,0
2253,S1,0,0
2254,S1,0,0
2255,S1,0,0
2256,S1,0,0
2257,S1,0,0
2258,S1,0,0
2259,S1,0,0
2260,S1,0,0
2261,S1,0,0
2262,S1,236,1
2263,S1,130,1
2264,S1,609,1
2265,S1,421,1
2266,S1,608,1
2267,S1,1470,1
2268,S1,1761,1
2269,S1,1053,1
2270,S1,4369,1
2271,S1,1289,1
2272,S1,47,1
2273,S1,0,0
2274,S1,194,1
2275,S1,227,1
2276,S1,43,1
2277,S1,0,0
2278,S1,1500,1
2279,S1,24,1
2280,S1,0,0
2281,S1,169,1
2282,S1,221,1
2283,S1,0,0
2284,S1,85,1
2285,S1,210,1
2286,S1,0,0
2287,S1,0,0
2288,S1,0,0
2289,S1,0,0
2290,S1,0,0
2291,S1,0,0
2292,S1,0,0
2293,S1,0,0
2294,S1,0,0
2295,S1,0,0
2296,S1,0,0
2297,S1,0,0
2298,S1,0,0
2299,S1,0,0
2300,S1,0,0
2301,S1,70,1
2302,S1,257,1
2303,S1,323,1
2304,S1,174,1
2305,S1,2845,1
2306,S1,1318,1
2307,S1,384,1
2308,S1,365,1
2309,S1,478,1
2310,S1,2749,1
2311,S1,1882,1
2312,S1,2197,1
2313,S1,601,1
2314,S1,155,1
2315,S1,31,1
2316,S1,0,0
2317,S1,0,0
2318,S1,0,0
2319,S1,723,1
2320,S1,100,1
2321,S1,5,1
2322,S1,2,1
2323,S1,153,1
2324,S1,64,1
2325,S1,0,0
2326,S1,0,0
2327,S1,77,1
2328,S1,0,0
2329,S1,0,0
2330,S1,0,0
2331,S1,0,0
2332,S1,0,0
2333,S1,0,0
2334,S1,0,0
2335,S1,0,0
2336,S1,0,0
2337,S1,0,0
2338,S1,0,0
2339,S1,0,0
2340,S1,0,0
2341,S1,0,0
2342,S1,441,1
2343,S1,346,1
2344,S1,500,1
2345,S1,360,1
2346,S1,467,1
2347,S1,1247,1
2348,S1,1048,1
2349,S1,1116,1
2350,S1,986,1
2351,S1,4621,1
2352,S1,727,1
2353,S1,279,1
2354,S1,605,1
2355,S1,904,1
2356,S1,824,1
2357,S1,46,1
2358,S1,0,0
2359,S1,0,0
2360,S1,0,0
2361,S1,106,1
2362,S1,384,1
2363,S1,358,1
2364,S1,0,0
2365,S1,0,0
2366,S1,0,0
2367,S1,39,1
2368,S1,0,0
2369,S1,0,0
2370,S1,0,0
2371,S1,0,0
2372,S1,0,0
2373,S1,0,0
2374,S1,0,0
2375,S1,0,0
2376,S1,0,0
2377,S1,0,0
2378,S1,0,0
2379,S1,0,0
2380,S1,0,0
2381,S1,0,0
2382,S1,0,0
2383,S1,0,0
2384,S1,0,0
2385,S1,315,1
2386,S1,457,1
2387,S1,0,0
2388,S1,1072,1
2389,S1,763,1
2390,S1,1310,1
2391,S1,4224,1
2392,S1,821,1
2393,S1,1531,1
2394,S1,377,1
2395,S1,1066,1
2396,S1,936,1
2397,S1,557,1
2398,S1,432,1
2399,S1,0,0
2400,S1,250,1
2401,S1,247,1
2402,S1,1025,1
2403,S1,1381,1
2404,S1,270,1
2405,S1,27,1
2406,S1,151,1
2407,S1,0,0
2408,S1,0,0
2409,S1,0,0
2410,S1,0,0
2411,S1,0,0
2412,S1,0,0
2413,S1,0,0
2414,S1,0,0
2415,S1,0,0
2416,S1,0,0
2417,S1,0,0
2418,S1,0,0
2419,S1,0,0
2420,S1,0,0
2421,S1,0,0
2422,S1,0,0
2423,S1,0,0
2424,S1,0,0
2425,S1,0,0
2426,S1,76,1
2427,S1,494,1
2428,S1,0,0
2429,S1,1684,1
2430,S1,364,1
2431,S1,218,1
2432,S1,572,1
2433,S1,369,1
2434,S1,619,1
2435,S1,690,1
2436,S1,0,0
2437,S1,581,1
2438,S1,134,1
2439,S1,57,1
2440,S1,0,0
2441,S1,37,1
2442,S1,196,1
2443,S1,243,1
2444,S1,134,1
2445,S1,152,1
2446,S1,246,1
2447,S1,23,1
2448,S1,8,1
2449,S1,0,0
2450,S1,127,1
2451,S1,0,0
2452,S1,0,0
2453,S1,0,0
2454,S1,0,0
2455,S1,0,0
2456,S1,0,0
2457,S1,0,0
2458,S1,0,0
2459,S1,0,0
2460,S1,0,0
2461,S1,0,0
2462,S1,0,0
2463,S1,0,0
2464,S1,360,1
2465,S1,0,0
2466,S1,0,0
2467,S1,1684,1
2468,S1,7,1
2469,S1,16,1
2470,S1,1845,1
2471,S1,227,1
2472,S1,303,1
2473,S1,1094,1
2474,S1,65,1
2475,S1,754,1
2476,S1,172,1
2477,S1,24,1
2478,S1,26,1
2479,S1,32,1
2480,S1,0,0
2481,S1,0,0
2482,S1,416,1
2483,S1,678,1
2484,S1,143,1
2485,S1,197,1
2486,S1,0,0
2487,S1,0,0
2488,S1,6,1
2489,S1,112,1
2490,S1,0,0
2491,S1,0,0
2492,S1,0,0
2493,S1,0,0
2494,S1,0,0
2495,S1,0,0
2496,S1,0,0
2497,S1,0,0
2498,S1,0,0
2499,S1,0,0
2500,S1,0,0
2501,S1,0,0
2502,S1,0,0
2503,S1,0,0
2504,S1,0,0
2505,S1,0,0
2506,S1,247,1
2507,S1,1011,1
2508,S1,3762,1
2509,S1,1431,1
2510,S1,112,1
2511,S1,1963,1
2512,S1,356,1
2513,S1,8,1
2514,S1,854,1
2515,S1,399,1
2516,S1,222,1
2517,S1,926,1
2518,S1,465,1
2519,S1,242,1
2520,S1,547,1
2521,S1,0,0
2522,S1,0,0
2523,S1,191,1
2524,S1,444,1
2525,S1,208,1
2526,S1,0,0
2527,S1,0,0
2528,S1,0,0
2529,S1,36,1
2530,S1,267,1
2531,S1,36,1
2532,S1,0,0
2533,S1,0,0
2534,S1,0,0
2535,S1,0,0
2536,S1,0,0
2537,S1,0,0
2538,S1,0,0
2539,S1,0,0
2540,S1,0,0
2541,S1,0,0
2542,S1,0,0
2543,S1,0,0
2544,S1,0,0
2545,S1,0,0
2546,S1,0,0
2547,S1,0,0
2548,S1,0,0
2549,S1,266,1
2550,S1,95,1
2551,S1,717,1
2552,S1,1759,1
2553,S1,2463,1
2554,S1,1858,1
2555,S1,28,1
2556,S1,0,0
2557,S1,759,1
2558,S1,654,1
2559,S1,977,1
2560,S1,232,1
2561,S1,15,1
2562,S1,0,0
2563,S1,22,1
2564,S1,120,1
2565,S1,117,1
2566,S1,0,0
2567,S1,0,0
2568,S1,29,1
2569,S1,0,0
2570,S1,0,0
2571,S1,67,1
2572,S1,0,0
2573,S1,0,0
2574,S1,0,0
2575,S1,0,0
2576,S1,0,0
2577,S1,0,0
2578,S1,0,0
2579,S1,0,0
2580,S1,0,0
2581,S1,0,0
2582,S1,0,0
2583,S1,0,0
2584,S1,0,0
2585,S1,0,0
2586,S1,0,0
2587,S1,0,0
2588,S1,0,0
2589,S1,63,1
2590,S1,1174,1
2591,S1,279,1
2592,S1,827,1
2593,S1,106,1
2594,S1,428,1
2595,S1,342,1
2596,S1,91,1
2597,S1,216,1
2598,S1,130,1
2599,S1,667,1
2600,S1,29,1
2601,S1,401,1
2602,S1,23,1
2603,S1,0,0
2604,S1,321,1
2605,S1,242,1
2606,S1,1125,1
2607,S1,128,1
2608,S1,84,1
2609,S1,148,1
2610,S1,0,0
2611,S1,0,0
2612,S1,0,0
2613,S1,0,0
2614,S1,0,0
2615,S1,0,0
2616,S1,0,0
2617,S1,0,0
2618,S1,0,0
2619,S1,0,0
2620,S1,0,0
2621,S1,0,0
2622,S1,0,0
2623,S1,0,0
2624,S1,0,0
2625,S1,0,0
2626,S1,0,0
2627,S1,0,0
2628,S1,0,0
2629,S1,0,0
2630,S1,0,0
2631,S1,165,1
2632,S1,104,1
2633,S1,0,0
2634,S1,323,1
2635,S1,441,1
2636,S1,99,1
2637,S1,918,1
2638,S1,293,1
2639,S1,820,1
2640,S1,422,1
2641,S1,892,1
2642,S1,1555,1
2643,S1,111,1
2644,S1,2269,1
2645,S1,425,1
2646,S1,11,1
2647,S1,249,1
2648,S1,554,1
2649,S1,149,1
2650,S1,0,0
2651,S1,0,0
2652,S1,0,0
2653,S1,0,0
2654,S1,0,0
2655,S1,0,0
2656,S1,0,0
2657,S1,0,0
2658,S1,0,0
2659,S1,0,0
2660,S1,0,0
2661,S1,0,0
2662,S1,0,0
2663,S1,0,0
2664,S1,0,0
2665,S1,0,0
2666,S1,0,0
2667,S1,0,0
2668,S1,0,0
2669,S1,0,0
2670,S1,0,0
2671,S1,0,0
2672,S1,63,1
2673,S1,0,0
2674,S1,0,0
2675,S1,636,1
2676,S1,340,1
2677,S1,773,1
2678,S1,1616,1
2679,S1,2447,1
2680,S1,511,1
2681,S1,203,1
2682,S1,1790,1
2683,S1,128,1
2684,S1,122,1
2685,S1,1456,1
2686,S1,485,1
2687,S1,629,1
2688,S1,249,1
2689,S1,0,0
2690,S1,0,0
2691,S1,0,0
2692,S1,0,0
2693,S1,0,0
2694,S1,0,0
2695,S1,0,0
2696,S1,0,0
2697,S1,0,0
2698,S1,0,0
2699,S1,0,0
2700,S1,0,0
2701,S1,0,0
2702,S1,0,0
2703,S1,0,0
2704,S1,0,0
2705,S1,0,0
2706,S1,0,0
2707,S1,0,0
2708,S1,0,0
2709,S1,0,0
2710,S1,0,0
2711,S1,0,0
2712,S1,0,0
2713,S1,0,0
2714,S1,21,1
2715,S1,248,1
2716,S1,18,1
2717,S1,0,0
2718,S1,1205,1
2719,S1,766,1
2720,S1,292,1
2721,S1,806,1
2722,S1,2096,1
2723,S1,3791,1
2724,S1,4150,1
2725,S1,344,1
2726,S1,0,0
2727,S1,0,0
2728,S1,0,0
2729,S1,0,0
2730,S1,0,0
2731,S1,0,0
2732,S1,0,0
2733,S1,0,0
2734,S1,0,0
2735,S1,0,0
2736,S1,0,0
2737,S1,0,0
2738,S1,0,0
2739,S1,0,0
2740,S1,0,0
2741,S1,0,0
2742,S1,0,0
2743,S1,0,0
2744,S1,0,0
2745,S1,0,0
2746,S1,0,0
2747,S1,0,0
2748,S1,0,0
2749,S1,0,0
2750,S1,0,0
2751,S1,0,0
2752,S1,0,0
2753,S1,38,1
2754,S1,302,1
2755,S1,97,1
2756,S1,0,0
2757,S1,0,0
2758,S1,362,1
2759,S1,367,1
2760,S1,551,1
2761,S1,222,1
2762,S1,0,0
2763,S1,2204,1
2764,S1,3090,1
2765,S1,588,1
2766,S1,0,0
2767,S1,0,0
2768,S1,1099,1
2769,S1,191,1
2770,S1,0,0
2771,S1,0,0
2772,S1,0,0
2773,S1,0,0
2774,S1,24,1
2775,S1,8,1
2776,S1,0,0
2777,S1,0,0
2778,S1,0,0
2779,S1,0,0
2780,S1,0,0
2781,S1,0,0
2782,S1,0,0
2783,S1,0,0
2784,S1,0,0
2785,S1,0,0
2786,S1,0,0
2787,S1,0,0
2788,S1,0,0
2789,S1,0,0
2790,S1,0,0
2791,S1,0,0
2792,S1,0,0
2793,S1,0,0
2794,S1,8,1
2795,S1,230,1
2796,S1,767,1
2797,S1,411,1
2798,S1,4815,1
2799,S1,1669,1
2800,S1,48,1
2801,S1,3698,1
2802,S1,2198,1
2803,S1,844,1
2804,S1,2223,1
2805,S1,634,1
2806,S1,1280,1
2807,S1,40,1
2808,S1,3843,1
2809,S1,362,1
2810,S1,1483,1
2811,S1,49,1
2812,S1,0,0
2813,S1,0,0
2814,S1,0,0
2815,S1,0,0
2816,S1,0,0
2817,S1,0,0
2818,S1,0,0
2819,S1,0,0
2820,S1,0,0
2821,S1,0,0
2822,S1,0,0
2823,S1,0,0
2824,S1,0,0
2825,S1,0,0
2826,S1,0,0
2827,S1,0,0
2828,S1,0,0
2829,S1,0,0
2830,S1,0,0
2831,S1,0,0
2832,S1,0,0
2833,S1,0,0
2834,S1,0,0
2835,S1,67,1
2836,S1,517,1
2837,S1,386,1
2838,S1,6,1
2839,S1,1096,1
2840,S1,329,1
2841,S1,8,1
2842,S1,340,1
2843,S1,534,1
2844,S1,1692,1
2845,S1,247,1
2846,S1,513,1
2847,S1,410,1
2848,S1,0,0
2849,S1,2635,1
2850,S1,2674,1
2851,S1,101,1
2852,S1,0,0
2853,S1,0,0
2854,S1,0,0
2855,S1,0,0
2856,S1,0,0
2857,S1,0,0
2858,S1,0,0
2859,S1,0,0
2860,S1,0,0
2861,S1,0,0
2862,S1,0,0
2863,S1,0,0
2864,S1,0,0
2865,S1,0,0
2866,S1,0,0
2867,S1,0,0
2868,S1,0,0
2869,S1,0,0
2870,S1,0,0
2871,S1,0,0
2872,S1,0,0
2873,S1,0,0
2874,S1,0,0
2875,S1,223,1
2876,S1,0,0
2877,S1,0,0
2878,S1,219,1
2879,S1,1403,1
2880,S1,54,1
2881,S1,66,1
2882,S1,208,1
2883,S1,1178,1
2884,S1,845,1
2885,S1,1969,1
2886,S1,1304,1
2887,S1,710,1
2888,S1,2245,1
2889,S1,1093,1
2890,S1,104,1
2891,S1,337,1
2892,S1,412,1
2893,S1,116,1
2894,S1,0,0
2895,S1,0,0
2896,S1,0,0
2897,S1,0,0
2898,S1,0,0
2899,S1,0,0
2900,S1,0,0
2901,S1,0,0
2902,S1,0,0
2903,S1,0,0
2904,S1,0,0
2905,S1,0,0
2906,S1,0,0
2907,S1,0,0
2908,S1,0,0
2909,S1,0,0
2910,S1,0,0
2911,S1,0,0
2912,S1,0,0
2913,S1,0,0
2914,S1,0,0
2915,S1,0,0
2916,S1,266,1
2917,S1,103,1
2918,S1,85,1
2919,S1,1430,1
2920,S1,790,1
2921,S1,117,1
2922,S1,150,1
2923,S1,53,1
2924,S1,1700,1
2925,S1,822,1
2926,S1,5489,1
2927,S1,1986,1
2928,S1,1394,1
2929,S1,475,1
2930,S1,1180,1
2931,S1,689,1
2932,S1,241,1
2933,S1,0,0
2934,S1,0,0
2935,S1,0,0
2936,S1,0,0
2937,S1,0,0
2938,S1,0,0
2939,S1,0,0
2940,S1,0,0
2941,S1,0,0
2942,S1,0,0
2943,S1,0,0
2944,S1,0,0
2945,S1,0,0
2946,S1,0,0
2947,S1,0,0
2948,S1,0,0
2949,S1,0,0
2950,S1,0,0
2951,S1,0,0
2952,S1,0,0
2953,S1,0,0
2954,S1,0,0
2955,S1,0,0
2956,S1,0,0
2957,S1,0,0
2958,S1,244,1
2959,S1,162,1
2960,S1,439,1
2961,S1,708,1
2962,S1,441,1
2963,S1,2683,1
2964,S1,2754,1
2965,S1,594,1
2966,S1,2036,1
2967,S1,6983,1
2968,S1,0,0
2969,S1,1190,1
2970,S1,1885,1
2971,S1,917,1
2972,S1,0,0
2973,S1,153,1
2974,S1,0,0
2975,S1,0,0
2976,S1,0,0
2977,S1,114,1
2978,S1,0,0
2979,S1,0,0
2980,S1,0,0
2981,S1,0,0
2982,S1,0,0
2983,S1,0,0
2984,S1,0,0
2985,S1,0,0
2986,S1,0,0
2987,S1,0,0
2988,S1,0,0
2989,S1,0,0
2990,S1,0,0
2991,S1,0,0
2992,S1,0,0
2993,S1,0,0
2994,S1,0,0
2995,S1,0,0
2996,S1,0,0
2997,S1,0,0
2998,S1,27,1
2999,S1,127,1
3000,S1,191,1
3001,S1,45,1
3002,S1,1134,1
3003,S1,839,1
3004,S1,1550,1
3005,S1,141,1
3006,S1,659,1
3007,S1,2863,1
3008,S1,816,1
3009,S1,441,1
3010,S1,128,1
3011,S1,363,1
3012,S1,685,1
3013,S1,25,1
3014,S1,11,1
3015,S1,0,0
3016,S1,0,0
3017,S1,63,1
3018,S1,55,1
3019,S1,0,0
3020,S1,0,0
3021,S1,0,0
3022,S1,0,0
3023,S1,0,0
3024,S1,0,0
3025,S1,0,0
3026,S1,0,0
3027,S1,0,0
3028,S1,0,0
3029,S1,0,0
3030,S1,0,0
3031,S1,0,0
3032,S1,0,0
3033,S1,0,0
3034,UNASSIGNED,0,0
3035,S2,0,0
3036,S2,0,0
3037,S2,1202,1
3038,S2,762,1
3039,S2,453,1
3040,S2,16,1
3041,S2,0,0
3042,S2,0,0
3043,S2,0,0
3044,S2,4,1
3045,S2,39,1
3046,S2,2,1
3047,S2,0,0
3048,S2,0,0
3049,S2,0,0
3050,S2,0,0
3051,S2,119,1
3052,S2,1150,1
3053,S2,2673,1
3054,S2,1896,1
3055,S2,1381,1
3056,S2,203,1
3057,S2,0,0
3058,S2,0,0
3059,S2,14,1
3060,S2,16,1
3061,S2,0,0
3062,S2,0,0
3063,S2,0,0
3064,S2,0,0
3065,S2,0,0
3066,S2,353,1
3067,S2,436,1
3068,S2,1815,1
3069,S2,1449,1
3070,S2,1040,1
3071,S2,318,1
3072,S2,10,1
3073,S2,30,1
3074,S2,48,1
3075,S2,7,1
3076,S2,9,1
3077,S2,24,1
3078,S2,44,1
3079,S2,0,0
3080,S2,0,0
3081,S2,30,1
3082,S2,749,1
3083,S2,1989,1
3084,S2,1003,1
3085,S2,98,1
3086,S2,223,1
3087,S2,92,1
3088,S2,121,1
3089,S2,207,1
3090,S2,43,1
3091,S2,31,1
3092,S2,74,1
3093,S2,0,0
3094,S2,0,0
3095,S2,0,0
3096,S2,0,0
3097,S2,1125,1
3098,S2,3604,1
3099,S2,1229,1
3100,S2,151,1
3101,S2,948,1
3102,S2,551,1
3103,S2,436,1
3104,S2,1192,1
3105,S2,641,1
3106,S2,152,1
3107,S2,953,1
3108,S2,145,1
3109,S2,0,0
3110,S2,0,0
3111,S2,168,1
3112,S2,2670,1
3113,S2,3540,1
3114,S2,2697,1
3115,S2,1835,1
3116,S2,2791,1
3117,S2,2334,1
3118,S2,783,1
3119,S2,1043,1
3120,S2,2084,1
3121,S2,405,1
3122,S2,1051,1
3123,S2,504,1
3124,S2,73,1
3125,S2,137,1
3126,S2,148,1
3127,S2,1419,1
3128,S2,1457,1
3129,S2,997,1
3130,S2,689,1
3131,S2,1560,1
3132,S2,2009,1
3133,S2,548,1
3134,S2,1191,1
3135,S2,2742,1
3136,S2,1916,1
3137,S2,564,1
3138,S2,502,1
3139,S2,150,1
3140,S2,817,1
3141,S2,308,1
3142,S2,693,1
3143,S2,471,1
3144,S2,1490,1
3145,S2,1320,1
3146,S2,746,1
3147,S2,914,1
3148,S2,1885,1
3149,S2,1529,1
3150,S2,1333,1
3151,S2,2438,1
3152,S2,1360,1
3153,S2,722,1
3154,S2,95,1
3155,S2,11,1
3156,S2,26,1
3157,S2,31,1
3158,S2,1018,1
3159,S2,4412,1
3160,S2,3040,1
3161,S2,1381,1
3162,S2,1261,1
3163,S2,1325,1
3164,S2,711,1
3165,S2,757,1
3166,S2,1805,1
3167,S2,716,1
3168,S2,754,1
3169,S2,15,1
3170,S2,4,1
3171,S2,10,1
3172,S2,19,1
3173,S2,326,1
3174,S2,2036,1
3175,S2,1541,1
3176,S2,366,1
3177,S2,34,1
3178,S2,109,1
3179,S2,430,1
3180,S2,284,1
3181,S2,211,1
3182,S2,38,1
3183,S2,233,1
3184,S2,201,1
3185,S3,19,1
3186,S3,33,1
3187,S3,20,1
3188,S3,0,0
3189,S3,5,1
3190,S3,0,0
3191,S3,0,0
3192,S3,0,0
3193,S3,0,0
3194,S3,42,1
3195,S3,0,0
3196,S3,22,1
3197,S3,30,1
3198,S3,10,1
3199,S3,0,0
3200,S3,0,0
3201,S3,0,0
3202,S3,0,0
3203,S3,92,1
3204,S3,0,0
3205,S3,59,1
3206,S3,26,1
3207,S3,139,1
3208,S3,40,1
3209,S3,0,0
3210,S3,313,1
3211,S3,0,0
3212,S3,0,0
3213,S3,149,1
3214,S3,581,1
3215,S3,329,1
3216,S3,230,1
3217,S3,70,1
3218,S3,360,1
3219,S3,0,0
3220,S3,0,0
3221,S3,0,0
3222,S3,0,0
3223,S3,9,1
3224,S3,249,1
3225,S3,652,1
3226,S3,210,1
3227,S3,0,0
3228,S3,0,0
3229,S3,48,1
3230,S3,1,1
3231,S3,234,1
3232,S3,635,1
3233,S3,453,1
3234,S3,85,1
3235,S3,117,1
3236,S3,90,1
3237,S3,2,1
3238,S3,0,0
3239,S3,0,0
3240,S3,46,1
3241,S3,0,0
3242,S3,292,1
3243,S3,611,1
3244,S3,1178,1
3245,S3,261,1
3246,S3,19,1
3247,S3,0,0
3248,S3,1,1
3249,S3,0,0
3250,S3,0,0
3251,S3,0,0
3252,S3,0,0
3253,S3,243,1
3254,S3,1945,1
3255,S3,647,1
3256,S3,0,0
3257,S3,0,0
3258,S3,0,0
3259,S3,0,0
3260,S3,0,0
3261,S3,0,0
3262,S3,0,0
3263,S3,0,0
3264,S3,84,1
3265,S3,337,1
3266,S3,57,1
3267,S3,0,0
3268,S3,0,0
3269,S3,0,0
3270,S3,35,1
3271,S3,0,0
3272,S3,0,0
3273,S3,0,0
3274,S3,45,1
3275,S3,929,1
3276,S3,52,1
3277,S3,0,0
3278,S3,8,1
3279,S3,0,0
3280,S3,0,0
3281,S3,1170,1
3282,S3,112,1
3283,S3,0,0
3284,S3,18,1
3285,S3,36,1
3286,S3,184,1
3287,S3,0,0
3288,S3,0,0
3289,S3,0,0
3290,S3,158,1
3291,S3,147,1
3292,S3,203,1
3293,S3,1149,1
3294,S3,155,1
3295,S3,26,1
3296,S3,175,1
3297,S3,106,1
3298,S3,0,0
3299,S3,58,1
3300,S3,0,0
3301,S3,18,1
3302,S3,98,1
3303,S3,0,0
3304,S3,37,1
3305,S3,114,1
3306,S4,0,0
3307,S4,0,0
3308,S4,0,0
3309,S4,0,0
3310,S4,0,0
3311,S4,0,0
3312,S4,0,0
3313,S4,0,0
3314,S4,0,0
3315,S4,0,0
3316,S4,0,0
3317,S4,0,0
3318,S4,0,0
3319,S4,0,0
3320,S4,0,0
3321,S4,0,0
3322,S4,159,1
3323,S4,432,1
3324,S4,122,1
3325,S4,0,0
3326,S4,63,1
3327,S4,0,0
3328,S4,0,0
3329,S4,0,0
3330,S4,0,0
3331,S4,0,0
3332,S4,0,0
3333,S4,0,0
3334,S4,0,0
3335,S4,0,0
3336,S4,0,0
3337,S4,0,0
3338,S4,0,0
3339,S4,0,0
3340,S4,0,0
3341,S4,0,0
3342,S4,0,0
3343,S4,0,0
3344,S4,0,0
3345,S4,0,0
3346,S4,0,0
3347,S4,0,0
3348,S4,485,1
3349,S4,199,1
3350,S4,0,0
3351,S4,0,0
3352,S4,437,1
3353,S4,0,0
3354,S4,0,0
3355,S4,0,0
3356,S4,0,0
3357,S4,0,0
3358,S4,388,1
3359,S4,0,0
3360,S4,0,0
3361,S4,0,0
3362,S4,0,0
3363,S4,0,0
3364,S4,0,0
3365,S4,0,0
3366,S4,18,1
3367,S4,0,0
3368,S4,0,0
3369,S4,0,0
3370,S4,32,1
3371,S4,0,0
3372,S4,0,0
3373,S4,0,0
3374,S4,198,1
3375,S4,0,0
3376,S4,0,0
3377,S4,0,0
3378,S4,0,0
3379,S4,0,0
3380,S4,0,0
3381,S4,0,0
3382,S4,0,0
3383,S4,0,0
3384,S4,0,0
3385,S4,0,0
3386,S4,0,0
3387,S4,0,0
3388,S4,0,0
3389,S4,0,0
3390,S4,0,0
3391,S4,90,1
3392,S4,0,0
3393,S4,41,1
3394,S4,87,1
3395,S4,0,0
3396,S4,82,1
3397,S4,0,0
3398,S4,0,0
3399,S4,0,0
3400,S4,0,0
3401,S4,0,0
3402,S4,0,0
3403,S4,0,0
3404,S4,0,0
3405,S4,0,0
3406,S4,0,0
3407,S4,0,0
3408,S4,0,0
3409,S4,0,0
3410,S4,0,0
3411,S4,0,0
3412,S4,0,0
3413,S4,0,0
3414,S4,0,0
3415,S4,0,0
3416,S4,0,0
3417,S4,0,0
3418,S4,0,0
3419,S4,87,1
3420,S4,501,1
3421,S4,38,1
3422,S4,41,1
3423,S4,101,1
3424,S4,254,1
3425,S4,0,0
3426,S4,0,0
3427,S4,1121,1
3428,S4,41,1
3429,S4,0,0
3430,S4,0,0
3431,S4,0,0
3432,S4,0,0
3433,S4,0,0
3434,S4,0,0
3435,S4,0,0
3436,S4,0,0
3437,S4,0,0
3438,S4,0,0
3439,S4,0,0
3440,S4,175,1
3441,S4,240,1
3442,S4,0,0
3443,S4,0,0
3444,S4,0,0
3445,S4,0,0
3446,S4,0,0
3447,S4,330,1
3448,S4,399,1
3449,S4,243,1
3450,S4,801,1
3451,S4,104,1
3452,S4,18,1
3453,S4,0,0
3454,S4,0,0
3455,S4,0,0
3456,S4,0,0
3457,S4,0,0
3458,S4,0,0
3459,S4,0,0
3460,S4,0,0
3461,S4,0,0
3462,S4,0,0
3463,S4,0,0
3464,S4,99,1
3465,S4,195,1
3466,S4,12,1
3467,S4,55,1
3468,S4,29,1
3469,S4,0,0
3470,S4,53,1
3471,S4,18,1
3472,S4,245,1
3473,S4,1946,1
3474,S4,495,1
3475,S4,1730,1
3476,S4,1968,1
3477,S4,525,1
3478,S4,410,1
3479,S4,454,1
3480,S4,64,1
3481,S4,0,0
3482,S4,0,0
3483,S4,0,0
3484,S4,0,0
3485,S4,0,0
3486,S4,0,0
3487,S4,0,0
3488,S4,0,0
3489,S4,0,0
3490,S4,468,1
3491,S4,1400,1
3492,S4,57,1
3493,S4,8,1
3494,S4,0,0
3495,S4,0,0
3496,S4,0,0
3497,S4,57,1
3498,S4,404,1
3499,S4,1621,1
3500,S4,1191,1
3501,S4,868,1
3502,S4,696,1
3503,S4,2023,1
3504,S4,1481,1
3505,S4,289,1
3506,S4,26,1
3507,S4,0,0
3508,S4,0,0
3509,S4,0,0
3510,S4,0,0
3511,S4,0,0
3512,S4,0,0
3513,S4,0,0
3514,S4,0,0
3515,S4,0,0
3516,S4,74,1
3517,S4,443,1
3518,S4,0,0
3519,S4,940,1
3520,S4,47,1
3521,S4,0,0
3522,S4,0,0
3523,S4,0,0
3524,S4,0,0
3525,S4,823,1
3526,S4,2060,1
3527,S4,2572,1
3528,S4,1159,1
3529,S4,162,1
3530,S4,1461,1
3531,S4,706,1
3532,S4,0,0
3533,S4,0,0
3534,S4,0,0
3535,S4,0,0
3536,S4,0,0
3537,S4,0,0
3538,S4,0,0
3539,S4,0,0
3540,S4,0,0
3541,S4,0,0
3542,S4,0,0
3543,S4,0,0
3544,S4,450,1
3545,S4,790,1
3546,S4,942,1
3547,S4,24,1
3548,S4,0,0
3549,S4,0,0
3550,S4,0,0
3551,S4,66,1
3552,S4,450,1
3553,S4,582,1
3554,S4,1419,1
3555,S4,5,1
3556,S4,90,1
3557,S4,725,1
3558,S4,0,0
3559,S4,0,0
3560,S4,0,0
3561,S4,0,0
3562,S4,0,0
3563,S4,0,0
3564,S4,0,0
3565,S4,0,0
3566,S4,0,0
3567,S4,0,0
3568,S4,0,0
3569,S4,0,0
3570,S4,0,0
3571,S4,0,0
3572,S4,225,1
3573,S4,2000,1
3574,S4,325,1
3575,S4,0,0
3576,S4,0,0
3577,S4,0,0
3578,S4,0,0
3579,S4,0,0
3580,S4,31,1
3581,S4,345,1
3582,S4,0,0
3583,S4,0,0
3584,S4,0,0
3585,S4,0,0
3586,S4,0,0
3587,S4,0,0
3588,S4,0,0
3589,S4,0,0
3590,S4,0,0
3591,S4,0,0
3592,S4,0,0
3593,S4,0,0
3594,S4,0,0
3595,S4,0,0
3596,S4,0,0
3597,S4,363,1
3598,S4,467,1
3599,S4,985,1
3600,S4,736,1
3601,S4,173,1
3602,S4,9,1
3603,S4,0,0
3604,S4,0,0
3605,S4,0,0
3606,S4,25,1
3607,S4,0,0
3608,S4,0,0
3609,S4,0,0
3610,S4,0,0
3611,S4,0,0
3612,S4,0,0
3613,S4,0,0
3614,S4,0,0
3615,S4,0,0
3616,S4,0,0
3617,S4,0,0
3618,S4,0,0
3619,S4,0,0
3620,S4,0,0
3621,S4,0,0
3622,S4,0,0
3623,S4,0,0
3624,S4,0,0
3625,S4,0,0
3626,S4,217,1
3627,S4,0,0
3628,S4,155,1
3629,S4,474,1
3630,S4,0,0
3631,S4,0,0
3632,S4,0,0
3633,S4,0,0
3634,S4,0,0
3635,S4,0,0
3636,S4,0,0
3637,S4,0,0
3638,S4,0,0
3639,S4,0,0
3640,S4,0,0
3641,S4,0,0
3642,S4,0,0
3643,S4,0,0
3644,S4,0,0
3645,S4,0,0
3646,S4,0,0
3647,S4,0,0
3648,S4,0,0
3649,S4,0,0
3650,S4,0,0
3651,S4,0,0
3652,S4,0,0
3653,S4,0,0
3654,S4,0,0
3655,S4,0,0
3656,S4,0,0
3657,S4,0,0
3658,S4,0,0
3659,S4,0,0
3660,S4,0,0
3661,S4,0,0
3662,S4,0,0
3663,S4,0,0
3664,S4,0,0
3665,S4,0,0
3666,S4,0,0
3667,S4,0,0
3668,S4,0,0
3669,S4,0,0
3670,S4,0,0
3671,S4,0,0
3672,S4,0,0
3673,S4,0,0
3674,S4,0,0
3675,S4,0,0
3676,S4,0,0
3677,S4,0,0
3678,S4,0,0
3679,S4,0,0
3680,S4,0,0
3681,S4,0,0
3682,S4,0,0
3683,S4,0,0
3684,S4,0,0
3685,S4,0,0
3686,S4,0,0
3687,S4,0,0
3688,S4,14,1
3689,S4,0,0
3690,S4,0,0
3691,S4,0,0
3692,S4,0,0
3693,S4,0,0
3694,S4,0,0
3695,S4,0,0
3696,S4,0,0
3697,S4,0,0
3698,S4,0,0
3699,S4,0,0
3700,S4,0,0
3701,S4,0,0
3702,S4,0,0
3703,S4,0,0
3704,S4,0,0
3705,S4,0,0
3706,S4,0,0
3707,S4,0,0
3708,S4,0,0
3709,S4,0,0
3710,S4,0,0
3711,S4,0,0
3712,S4,0,0
3713,S4,59,1
3714,S4,0,0
3715,S4,0,0
3716,S4,13,1
3717,S4,0,0
3718,S4,0,0
3719,S4,0,0
3720,S4,0,0
3721,S4,0,0
3722,S4,0,0
3723,S4,0,0
3724,S4,0,0
3725,S4,33,1
3726,S4,0,0
3727,S4,0,0
3728,S4,0,0
3729,S4,0,0
3730,S4,0,0
3731,S4,0,0
3732,S4,0,0
3733,S4,0,0
3734,S4,0,0
3735,S4,0,0
3736,S4,0,0
3737,S4,0,0
3738,S4,0,0
3739,S4,0,0
3740,S4,0,0
3741,S4,0,0
3742,S4,0,0
3743,S4,0,0
3744,S4,0,0
3745,S4,0,0
3746,S4,0,0
3747,S4,0,0
3748,S4,0,0
3749,S4,0,0
3750,S4,0,0
3751,S4,0,0
3752,S4,0,0
3753,S4,0,0
3754,S4,0,0
3755,S4,0,0
3756,S4,0,0
3757,S4,0,0
3758,S4,0,0
3759,S4,0,0
3760,S4,0,0
3761,S4,0,0
3762,S4,0,0
3763,S4,0,0
3764,S4,0,0
3765,S4,0,0
3766,S4,0,0
3767,S4,0,0
3768,S4,0,0
3769,S4,0,0
3770,S4,0,0
3771,S4,0,0
3772,S4,0,0
3773,S4,0,0
3774,S4,0,0
3775,S4,0,0
3776,S4,0,0
3777,S4,0,0
3778,S4,0,0
3779,S4,0,0
3780,S4,0,0
3781,S4,0,0
3782,S4,0,0
3783,S4,0,0
3784,S4,0,0
3785,S4,0,0
3786,S4,0,0
3787,S4,0,0
3788,S4,0,0
3789,S4,0,0
3790,S4,0,0
3791,S4,0,0
3792,S4,0,0
3793,S4,0,0
3794,S4,0,0
3795,S4,0,0
3796,S4,0,0
3797,S4,0,0
3798,S4,0,0
3799,S4,0,0
