code,pos_windows,n_recordings,n_segments,by_recording,max_recording_share,annotations,eligible_D8a
EATO,3549,4,75,R1:1677;R2:284;R3:60;R4:1528,0.47,5238,True
WOTH,1261,3,38,R1:640;R2:558;R4:63,0.51,1826,True
BTNW,1145,2,41,R1:924;R2:221,0.81,1058,True
AMCR,1097,3,43,R1:478;R2:446;R4:173,0.44,534,True
NOCA,1076,4,45,R1:235;R2:95;R3:60;R4:686,0.64,884,True
BCCH,874,4,38,R1:333;R2:218;R3:34;R4:289,0.38,1262,True
TUTI,737,3,42,R1:616;R2:11;R4:110,0.84,885,True
OVEN,584,3,41,R1:475;R2:106;R4:3,0.81,404,True
COYE,439,2,22,R3:26;R4:413,0.94,365,True
SCTA,387,2,19,R2:328;R4:59,0.85,290,True
REVI,363,1,9,R2:363,1.0,592,False
BLJA,330,3,20,R1:7;R2:34;R4:289,0.88,519,True
AMRE,315,1,13,R2:315,1.0,274,False
KEWA,260,1,12,R2:260,1.0,194,False
BGGN,189,1,15,R4:189,1.0,320,False
BAWW,180,3,35,R1:102;R2:58;R4:20,0.57,142,True
BHCO,177,3,24,R1:114;R2:62;R4:1,0.64,176,True
BHVI,144,2,14,R1:92;R4:52,0.64,174,True
HETH,138,1,6,R1:138,1.0,162,False
RBWO,110,3,28,R1:54;R2:42;R4:14,0.49,145,True
HOWA,107,2,9,R2:104;R4:3,0.97,92,True
NOFL,100,3,15,R1:28;R2:15;R4:57,0.57,71,True
YBCU,71,1,5,R4:71,1.0,33,False
LOWA,55,2,9,R1:17;R2:38,0.69,46,True
RCKI,52,1,8,R1:52,1.0,35,False
BWWA,45,1,1,R3:45,1.0,47,False
AMGO,39,2,13,R1:25;R2:14,0.64,62,True
RBGR,38,1,4,R2:38,1.0,27,False
CARW,32,1,5,R4:32,1.0,48,False
SWTH,29,1,3,R2:29,1.0,31,False
AMRO,26,1,2,R4:26,1.0,22,False
WITU,19,3,7,R1:12;R2:5;R4:2,0.63,24,True
WBNU,19,2,4,R1:5;R4:14,0.74,28,True
DOWO,11,2,8,R2:2;R4:9,0.82,8,True
VEER,6,1,1,R4:6,1.0,6,False
NAWA,5,1,1,R2:5,1.0,4,False
CSWA,4,1,1,R2:4,1.0,3,False
BBWA,4,1,1,R2:4,1.0,4,False
HAWO,3,2,3,R1:2;R2:1,0.67,3,False
CANG,3,1,1,R1:3,1.0,2,False
EAWP,3,1,1,R4:3,1.0,3,False
BAOR,3,1,1,R2:3,1.0,2,False
RSHA,2,1,1,R1:2,1.0,1,False
RWBL,2,1,1,R1:2,1.0,2,False
CORA,2,1,1,R1:2,1.0,1,False
BRCR,1,1,1,R2:1,1.0,1,False
CEDW,1,1,1,R2:1,1.0,1,False
PIWO,1,1,1,R4:1,1.0,1,False
