ecg_id,patient_id,strat_fold
17,13619.0,9
18,13619.0,9
20,13619.0,9
23,13619.0,9
34,13619.0,9
144,16914.0,9
190,10782.0,9
351,5304.0,4
382,10186.0,10
385,16064.0,1
449,20057.0,10
498,16911.0,9
858,4520.0,5
1173,653.0,1
1299,14503.0,7
1399,12213.0,9
1461,13388.0,8
1596,15876.0,7
1641,2379.0,2
1674,3940.0,5
1717,20306.0,10
1773,9503.0,8
1908,6948.0,9
1919,444.0,3
2051,389.0,9
2090,6282.0,7
2205,4376.0,9
2218,4012.0,6
2430,21181.0,7
2486,2848.0,7
2587,19654.0,10
2592,19654.0,10
2664,5503.0,9
2739,21167.0,8
2828,4849.0,7
2885,9106.0,5
3134,349.0,4
3267,309.0,6
3306,465.0,5
3319,911.0,6
3476,418.0,1
3672,9611.0,6
3723,8287.0,10
3793,16721.0,10
3796,8703.0,6
3797,19499.0,7
3893,17201.0,9
3990,6017.0,10
4054,5727.0,1
4117,19574.0,9
4181,19221.0,7
4401,12743.0,4
4408,2184.0,8
4423,12743.0,4
4463,17990.0,6
4492,20305.0,5
4531,12743.0,4
4532,12743.0,4
4637,16807.0,3
4688,8821.0,1
4846,17860.0,8
4874,19358.0,1
4922,8287.0,10
4975,14513.0,4
5068,9049.0,7
5121,12232.0,3
5135,16304.0,7
5136,15692.0,2
5252,11132.0,10
5390,8169.0,6
5445,21524.0,6
5533,21757.0,2
5540,12484.0,2
5544,21048.0,10
5547,21524.0,6
5601,15605.0,2
5634,19290.0,8
5658,15692.0,2
5719,12389.0,4
5756,19135.0,3
5776,14650.0,8
5786,20161.0,3
5787,17860.0,8
6033,5309.0,2
6179,3547.0,1
6205,12129.0,2
6386,17727.0,7
6491,4422.0,1
6561,17727.0,7
6596,17100.0,1
6829,17557.0,4
7120,21271.0,7
7159,9048.0,3
7204,8782.0,5
7215,19304.0,7
7221,12081.0,10
7412,9048.0,3
7445,11898.0,10
7462,16973.0,1
7505,12474.0,9
7510,19286.0,6
7512,9048.0,3
7517,20182.0,3
7567,9048.0,3
7630,20182.0,3
7778,14938.0,9
7783,14850.0,10
7796,4096.0,8
7828,5773.0,3
7866,20484.0,9
7889,8189.0,10
8060,5196.0,5
8215,14026.0,10
8263,17826.0,10
8265,12688.0,8
8319,12427.0,8
8367,21633.0,5
8461,741.0,10
8479,13800.0,6
8530,18200.0,1
8543,2284.0,9
8634,11342.0,8
8748,20005.0,8
8752,11342.0,8
8872,9764.0,10
8964,17984.0,3
8967,21654.0,9
8970,14251.0,1
8989,14251.0,1
9032,9873.0,2
9046,17984.0,3
9129,14251.0,1
9158,17058.0,2
9182,8027.0,3
9328,15080.0,7
9551,11853.0,6
9557,16196.0,10
9592,11372.0,2
9682,17984.0,3
9824,10683.0,3
9866,614.0,5
10065,6165.0,4
10160,3543.0,10
10355,1517.0,2
10556,11085.0,1
10564,17505.0,4
10605,11139.0,9
10706,2465.0,1
10723,10117.0,2
10736,4971.0,6
10868,9735.0,5
10876,14782.0,1
10900,15654.0,6
10913,15654.0,6
10933,15654.0,6
10943,15654.0,6
10986,15654.0,6
11080,4380.0,2
11236,14113.0,2
11343,10460.0,7
11371,17181.0,10
11468,8336.0,10
11479,15008.0,3
11487,12517.0,10
11510,16331.0,8
11555,18829.0,4
11626,19211.0,1
11640,15195.0,4
11690,19211.0,1
11700,13924.0,5
11777,9302.0,4
11865,20063.0,9
11879,15704.0,9
11886,8855.0,4
11911,12403.0,9
11914,12403.0,9
11915,12403.0,9
11982,357.0,10
12000,658.0,9
12027,16783.0,10
12083,6766.0,6
12085,658.0,9
12155,6529.0,4
12186,16629.0,5
12205,13538.0,3
12292,2671.0,3
12346,21604.0,4
12369,19302.0,5
12464,4945.0,4
12489,544.0,7
12516,7714.0,10
12525,359.0,9
12532,357.0,10
12537,7030.0,1
12542,20143.0,6
12581,11659.0,4
12602,14292.0,3
12632,414.0,9
12644,1481.0,4
12687,16605.0,8
12847,17944.0,4
12869,13894.0,9
12872,3619.0,4
12879,14233.0,5
12891,20980.0,4
12948,13538.0,3
12953,19145.0,7
12986,1711.0,8
13024,10005.0,1
13131,18608.0,10
13155,9665.0,8
13177,9665.0,8
13184,9665.0,8
13186,18592.0,6
13193,19520.0,2
13196,9665.0,8
13199,21662.0,7
13386,16454.0,2
13442,15333.0,4
13455,15333.0,4
13507,20123.0,4
13539,12787.0,5
13548,11979.0,2
13588,15333.0,4
13629,12787.0,5
13742,21279.0,6
13764,10203.0,7
13803,8122.0,6
13832,1974.0,1
13987,21557.0,1
14070,2484.0,4
14102,4097.0,2
14221,20143.0,6
14286,2692.0,9
14373,11549.0,3
14518,716.0,4
14609,3149.0,8
14720,8925.0,3
14780,10374.0,4
14792,10286.0,10
14806,21375.0,8
14824,19233.0,4
14839,20169.0,6
14854,18624.0,3
14862,19233.0,4
14956,17210.0,3
14963,630.0,8
14994,15601.0,6
15026,17210.0,3
15039,12539.0,7
15042,13802.0,4
15045,9207.0,8
15046,14634.0,5
15106,2060.0,7
15217,12656.0,1
15234,15127.0,3
15240,15127.0,3
15241,15127.0,3
15272,15147.0,8
15323,10327.0,8
15336,21504.0,2
15347,12482.0,6
15444,13898.0,10
15457,21262.0,3
15476,15604.0,7
15478,11554.0,3
15486,12425.0,4
15513,17787.0,8
15582,21377.0,4
15585,17033.0,4
15598,8784.0,2
15672,12425.0,4
15834,8905.0,10
15841,15056.0,10
15857,19454.0,10
15867,16720.0,9
16050,4896.0,8
16056,7541.0,2
16076,4808.0,10
16106,19430.0,1
16229,1356.0,6
16245,7015.0,5
16312,973.0,5
16361,18999.0,6
16376,9300.0,8
16431,11592.0,7
16445,19238.0,9
16488,9300.0,8
16503,9300.0,8
16518,6477.0,8
16582,4566.0,3
16605,2751.0,10
16686,18131.0,2
16731,17368.0,2
16746,16113.0,5
16753,530.0,2
16834,18192.0,10
16835,13300.0,8
16874,10513.0,7
16879,8330.0,9
16995,7426.0,9
17049,17542.0,5
17065,13322.0,7
17066,8597.0,4
17067,17542.0,5
17080,17542.0,5
17093,8043.0,7
17096,17542.0,5
17098,16113.0,5
17106,17542.0,5
17119,17542.0,5
17284,14192.0,1
17384,16113.0,5
17386,13134.0,10
17391,11914.0,5
17457,12188.0,3
17506,8063.0,8
17601,10513.0,7
18008,19070.0,2
18218,19950.0,1
18246,21550.0,4
18247,19082.0,6
18325,19082.0,6
18430,12279.0,7
18439,19813.0,3
18443,10193.0,3
18465,13283.0,5
18476,17146.0,3
18485,14828.0,7
18488,17382.0,8
18599,17913.0,6
18606,12713.0,8
18614,14712.0,2
18714,14260.0,3
18903,13283.0,5
18909,13283.0,5
18928,10517.0,5
18966,20500.0,2
19046,9224.0,3
19093,19262.0,4
19096,19950.0,1
19118,9224.0,3
19170,20840.0,2
19349,8283.0,2
19358,20594.0,2
19418,8283.0,2
19471,21467.0,5
19513,18935.0,6
19540,16493.0,8
19609,10363.0,5
19667,17515.0,2
19716,18982.0,8
19739,9223.0,4
19741,8283.0,2
19769,17986.0,5
19771,19075.0,4
19862,9223.0,4
19896,13495.0,7
19925,20318.0,2
19927,19281.0,5
19941,20318.0,2
19952,20318.0,2
19961,11675.0,1
20013,12136.0,1
20036,19281.0,5
20043,17302.0,7
20051,8713.0,1
20072,8713.0,1
20085,14180.0,10
20095,16672.0,1
20181,19215.0,8
20187,14273.0,8
20210,19075.0,4
20309,15327.0,6
20363,8780.0,6
20406,17065.0,10
20440,16209.0,2
20467,14480.0,6
20505,18758.0,8
20512,10346.0,4
20513,13632.0,7
20604,15327.0,6
20631,18414.0,8
20685,11033.0,2
20693,12947.0,4
20694,15327.0,6
20733,18626.0,7
20768,12947.0,4
20777,16300.0,3
20781,12947.0,4
20807,19119.0,1
20817,13632.0,7
20886,13303.0,3
20927,19817.0,7
20952,19538.0,1
21003,17024.0,6
21006,19097.0,7
21071,14180.0,10
21160,10099.0,2
21168,10099.0,2
21169,10099.0,2
21170,10099.0,2
21171,10099.0,2
21172,10099.0,2
21193,21381.0,6
21310,20750.0,1
21323,14926.0,7
21384,18346.0,1
21408,18763.0,5
21410,10803.0,3
21419,12516.0,6
21478,12430.0,5
21490,18603.0,7
21498,14262.0,7
21517,12516.0,6
21519,20230.0,7
21522,9941.0,9
21541,10108.0,6
21572,10108.0,6
21578,11798.0,8
21594,10108.0,6
21602,20230.0,7
21689,19288.0,5
21817,18354.0,9
