cell,start_batch,part,cycle_life_target,rule
el150800440551,2017-06-30,train,461,A
el150800453113,2017-05-12,val,719,A
el150800453240,2017-05-12,train,691,A
el150800453773,2017-05-12,train,617,A
el150800460436,2017-05-12,train,757,A
el150800460449,2017-06-30,train,485,A
el150800460451,2017-06-30,train,561,A
el150800460466,2017-06-30,test,477,A
el150800460468,2017-05-12,train,1054,A
el150800460473,2017-06-30,train,466,A
el150800460474,2017-06-30,val,457,A
el150800460477,2017-05-12,val,1014,A
el150800460478,2017-06-30,train,494,A
el150800460480,2017-06-30,val,487,A
el150800460481,2017-05-12,val,876,A
el150800460485,2017-05-12,val,616,A
el150800460486,2017-05-12,train,2160,C
el150800460492,2017-06-30,val,499,A
el150800460498,2017-06-30,val,462,A
el150800460501,2017-06-30,test,527,A
el150800460506,2017-05-12,val,704,A
el150800460507,2017-05-12,train,860,A
el150800460510,2017-06-30,test,458,A
el150800460511,2017-06-30,test,478,A
el150800460513,2017-06-30,train,429,A
el150800460514,2017-05-12,test,1852,C
el150800460518,2017-06-30,train,300,A
el150800460522,2017-05-12,train,857,A
el150800460525,2017-05-12,train,742,A
el150800460526,2017-06-30,train,499,A
el150800460527,2017-06-30,val,481,A
el150800460528,2017-06-30,train,535,A
el150800460596,2017-06-30,train,471,A
el150800460597,2017-06-30,val,495,A
el150800460599,2017-06-30,train,713,A
el150800460601,2017-05-12,test,648,A
el150800460602,2017-06-30,test,438,A
el150800460603,2017-06-30,val,489,A
el150800460604,2017-06-30,train,498,A
el150800460605,2017-06-30,train,148,A
el150800460608,2017-06-30,train,492,A
el150800460610,2017-06-30,test,509,A
el150800460611,2017-06-30,train,461,A
el150800460613,2017-06-30,train,487,A
el150800460614,2017-06-30,test,468,A
el150800460615,2017-05-12,val,709,A
el150800460617,2017-05-12,train,854,A
el150800460618,2017-05-12,train,702,A
el150800460622,2017-05-12,test,703,A
el150800460623,2017-05-12,val,2237,C
el150800460627,2017-06-30,train,459,A
el150800460628,2017-06-30,test,463,A
el150800460630,2017-05-12,train,1017,A
el150800460631,2017-06-30,test,519,A
el150800460634,2017-06-30,train,511,A
el150800460635,2017-06-30,test,480,A
el150800460636,2017-05-12,train,651,A
el150800460640,2017-05-12,test,731,A
el150800460641,2017-06-30,train,520,A
el150800460642,2017-05-12,train,625,A
el150800460644,2017-05-12,train,917,A
el150800460647,2017-05-12,val,1051,A
el150800460649,2017-06-30,train,465,A
el150800460652,2017-06-30,train,502,A
el150800460653,2017-05-12,train,862,A
el150800460655,2017-06-30,train,444,A
el150800460656,2017-05-12,train,599,A
el150800460659,2017-05-12,test,870,A
el150800460673,2017-06-30,train,335,A
el150800460678,2017-06-30,train,429,A
el150800463198,2017-05-12,test,842,A
el150800463208,2017-06-30,train,483,A
el150800463229,2017-05-12,test,966,A
el150800463245,2017-06-30,val,513,A
el150800463838,2017-05-12,train,880,A
el150800463871,2017-05-12,test,559,A
el150800463882,2017-05-12,test,788,A
el150800463886,2017-05-12,train,636,A
el150800464002,2017-05-12,train,534,A
el150800464865,2017-05-12,train,1709,C
el150800464881,2017-05-12,train,788,A
el150800464883,2017-05-12,train,1074,A
el150800464977,2017-05-12,train,1434,C
el150800465027,2017-05-12,train,870,A
el150800737213,2018-04-12,test,828,B
el150800737229,2018-04-12,train,667,B
el150800737233,2018-04-12,test,828,B
el150800737234,2018-04-12,test,541,B
el150800737251,2018-04-12,test,850,B
el150800737259,2018-04-12,train,989,B
el150800737270,2018-04-12,train,1039,B
el150800737274,2018-04-12,train,1146,B
el150800737275,2018-04-12,train,1155,B
el150800737276,2018-04-12,val,817,B
el150800737277,2018-04-12,val,1078,B
el150800737279,2018-04-12,val,731,B
el150800737280,2018-04-12,val,1115,B
el150800737285,2018-04-12,train,1002,B
el150800737287,2018-04-12,val,1028,B
el150800737294,2018-04-12,train,1267,B
el150800737304,2018-04-12,val,1284,B
el150800737307,2018-04-12,val,1836,B
el150800737313,2018-04-12,train,1063,B
el150800737314,2018-04-12,train,932,B
el150800737315,2018-04-12,train,813,B
el150800737319,2018-04-12,train,816,B
el150800737320,2018-04-12,test,858,B
el150800737329,2018-04-12,train,1009,B
el150800737334,2018-04-12,train,1935,B
el150800737345,2018-04-12,test,1638,B
el150800737350,2018-04-12,test,1158,B
el150800737361,2018-04-12,train,1156,B
el150800737364,2018-04-12,train,1390,B
el150800737365,2018-04-12,test,923,B
el150800737366,2018-04-12,test,772,B
el150800737367,2018-04-12,train,1046,B
el150800737368,2018-04-12,train,825,B
el150800737369,2018-04-12,val,940,B
el150800737377,2018-04-12,train,1642,B
el150800737378,2018-04-12,train,1315,B
el150800737380,2018-04-12,train,935,B
el150800737386,2018-04-12,train,876,B
el150800737387,2018-04-12,train,858,B
el150800737390,2018-04-12,train,796,B
el150800739476,2018-04-12,train,1048,B
el150800739477,2018-04-12,test,1093,B
el150800739484,2018-04-12,train,1801,B
el150800739495,2018-04-12,train,786,B
