cell,start_batch,records,cycles_listed,part
el150800460514,2017-05-12,17-05ch1+17-06ch1,1855,test
el150800460601,2017-05-12,17-05ch38,649,test
el150800460622,2017-05-12,17-05ch40,704,test
el150800460640,2017-05-12,17-05ch29,732,test
el150800460659,2017-05-12,17-05ch33,871,test
el150800463198,2017-05-12,17-05ch34,843,test
el150800463229,2017-05-12,17-05ch43,967,test
el150800463871,2017-05-12,17-05ch12,560,test
el150800463882,2017-05-12,17-05ch14,789,test
el150800460466,2017-06-30,17-06ch27,507,test
el150800460501,2017-06-30,17-06ch23,564,test
el150800460510,2017-06-30,17-06ch28,493,test
el150800460511,2017-06-30,17-06ch38,504,test
el150800460602,2017-06-30,17-06ch11,466,test
el150800460610,2017-06-30,17-06ch25,543,test
el150800460614,2017-06-30,17-06ch24,497,test
el150800460628,2017-06-30,17-06ch36,488,test
el150800460631,2017-06-30,17-06ch33,546,test
el150800460635,2017-06-30,17-06ch14,509,test
el150800737213,2018-04-12,18-04ch15,829,test
el150800737233,2018-04-12,18-04ch18,829,test
el150800737234,2018-04-12,18-04ch38,542,test
el150800737251,2018-04-12,18-04ch37,851,test
el150800737320,2018-04-12,18-04ch39,859,test
el150800737345,2018-04-12,18-04ch25,1639,test
el150800737350,2018-04-12,18-04ch43,1159,test
el150800737365,2018-04-12,18-04ch45,924,test
el150800737366,2018-04-12,18-04ch30,773,test
el150800739477,2018-04-12,18-04ch44,1094,test
el150800453240,2017-05-12,17-05ch17,692,train
el150800453773,2017-05-12,17-05ch41,618,train
el150800460436,2017-05-12,17-05ch30,758,train
el150800460468,2017-05-12,17-05ch20,1055,train
el150800460486,2017-05-12,17-05ch2+17-06ch2,2163,train
el150800460507,2017-05-12,17-05ch27,861,train
el150800460522,2017-05-12,17-05ch24,858,train
el150800460525,2017-05-12,17-05ch39,743,train
el150800460617,2017-05-12,17-05ch26,855,train
el150800460618,2017-05-12,17-05ch45,703,train
el150800460630,2017-05-12,17-05ch25,1018,train
el150800460636,2017-05-12,17-05ch46,652,train
el150800460642,2017-05-12,17-05ch42,626,train
el150800460644,2017-05-12,17-05ch28,918,train
el150800460653,2017-05-12,17-05ch23,863,train
el150800460656,2017-05-12,17-05ch48,600,train
el150800463838,2017-05-12,17-05ch15,881,train
el150800463886,2017-05-12,17-05ch10,637,train
el150800464002,2017-05-12,17-05ch11,535,train
el150800464865,2017-05-12,17-05ch6+17-06ch6,1712,train
el150800464881,2017-05-12,17-05ch18,789,train
el150800464883,2017-05-12,17-05ch7,1075,train
el150800464977,2017-05-12,17-05ch5+17-06ch5,1437,train
el150800465027,2017-05-12,17-05ch9,871,train
el150800440551,2017-06-30,17-06ch19,491,train
el150800460449,2017-06-30,17-06ch30,511,train
el150800460451,2017-06-30,17-06ch16,598,train
el150800460473,2017-06-30,17-06ch43,494,train
el150800460478,2017-06-30,17-06ch17,527,train
el150800460513,2017-06-30,17-06ch42,454,train
el150800460518,2017-06-30,17-06ch9,328,train
el150800460526,2017-06-30,17-06ch41,532,train
el150800460528,2017-06-30,17-06ch37,562,train
el150800460596,2017-06-30,17-06ch8,500,train
el150800460599,2017-06-30,17-06ch48,747,train
el150800460604,2017-06-30,17-06ch26,524,train
el150800460605,2017-06-30,17-06ch10,172,train
el150800460608,2017-06-30,17-06ch32,521,train
el150800460611,2017-06-30,17-06ch7,489,train
el150800460613,2017-06-30,17-06ch46,516,train
el150800460627,2017-06-30,17-06ch40,482,train
el150800460634,2017-06-30,17-06ch15,547,train
el150800460641,2017-06-30,17-06ch34,548,train
el150800460649,2017-06-30,17-06ch39,489,train
el150800460652,2017-06-30,17-06ch20,533,train
el150800460655,2017-06-30,17-06ch13,473,train
el150800460673,2017-06-30,17-06ch12,363,train
el150800460678,2017-06-30,17-06ch47,451,train
el150800463208,2017-06-30,17-06ch29,522,train
el150800737229,2018-04-12,18-04ch16,668,train
el150800737259,2018-04-12,18-04ch35,990,train
el150800737270,2018-04-12,18-04ch19,1040,train
el150800737274,2018-04-12,18-04ch28,1147,train
el150800737275,2018-04-12,18-04ch29,1156,train
el150800737285,2018-04-12,18-04ch32,1003,train
el150800737294,2018-04-12,18-04ch12,1268,train
el150800737313,2018-04-12,18-04ch11,1064,train
el150800737314,2018-04-12,18-04ch21,933,train
el150800737315,2018-04-12,18-04ch2,814,train
el150800737319,2018-04-12,18-04ch22,817,train
el150800737329,2018-04-12,18-04ch10,1010,train
el150800737334,2018-04-12,18-04ch47,1936,train
el150800737361,2018-04-12,18-04ch48,1157,train
el150800737364,2018-04-12,18-04ch46,1391,train
el150800737367,2018-04-12,18-04ch7,1047,train
el150800737368,2018-04-12,18-04ch34,826,train
el150800737377,2018-04-12,18-04ch6,1643,train
el150800737378,2018-04-12,18-04ch27,1316,train
el150800737380,2018-04-12,18-04ch3,936,train
el150800737386,2018-04-12,18-04ch24,877,train
el150800737387,2018-04-12,18-04ch23,859,train
el150800737390,2018-04-12,18-04ch4,797,train
el150800739476,2018-04-12,18-04ch14,1049,train
el150800739484,2018-04-12,18-04ch9,1802,train
el150800739495,2018-04-12,18-04ch5,787,train
el150800453113,2017-05-12,17-05ch16,720,val
el150800460477,2017-05-12,17-05ch32,1015,val
el150800460481,2017-05-12,17-05ch36,877,val
el150800460485,2017-05-12,17-05ch47,617,val
el150800460506,2017-05-12,17-05ch37,705,val
el150800460615,2017-05-12,17-05ch35,710,val
el150800460623,2017-05-12,17-05ch3+17-06ch3,2240,val
el150800460647,2017-05-12,17-05ch44,1052,val
el150800460474,2017-06-30,17-06ch45,481,val
el150800460480,2017-06-30,17-06ch18,525,val
el150800460492,2017-06-30,17-06ch35,528,val
el150800460498,2017-06-30,17-06ch44,489,val
el150800460527,2017-06-30,17-06ch31,509,val
el150800460597,2017-06-30,17-06ch4,526,val
el150800460603,2017-06-30,17-06ch21,522,val
el150800463245,2017-06-30,17-06ch22,542,val
el150800737276,2018-04-12,18-04ch20,818,val
el150800737277,2018-04-12,18-04ch1,1079,val
el150800737279,2018-04-12,18-04ch40,732,val
el150800737280,2018-04-12,18-04ch13,1116,val
el150800737287,2018-04-12,18-04ch36,1029,val
el150800737304,2018-04-12,18-04ch42,1285,val
el150800737307,2018-04-12,18-04ch17,1837,val
el150800737369,2018-04-12,18-04ch8,941,val
