class,leaf_map_cover,trG,vaG,teG,trI,vaI,teI,cap_tr300,cap_va100,cap_te100,B3_real_groups,B3_eligible,B3_pass_ignoring_grouping
Apple___Apple_scab,1.0,68,16,24,408,95,127,300,95,100,True,True,True
Apple___Black_rot,1.0,44,11,16,377,98,146,298,98,100,True,False,False
Apple___Cedar_apple_rust,1.0,45,11,13,179,44,52,179,44,52,True,False,False
Apple___healthy,1.0,171,42,44,1098,261,286,299,99,100,True,True,True
Blueberry___healthy,1.0,102,25,33,940,238,324,300,99,100,True,True,True
Cherry_(including_sour)___Powdery_mildew,1.0,43,10,12,702,131,219,300,90,90,True,False,False
Cherry_(including_sour)___healthy,1.0,72,18,15,579,152,123,295,96,99,True,True,True
Corn_(maize)___Cercospora_leaf_spot Gray_leaf_spot,0.0,288,72,86,339,86,88,300,86,88,False,False,True
Corn_(maize)___Common_rust_,0.0,780,195,217,780,195,217,300,100,100,False,False,True
Corn_(maize)___Northern_Leaf_Blight,0.0,553,138,192,631,160,194,300,100,100,False,False,True
Corn_(maize)___healthy,0.0,428,107,53,876,223,63,300,100,63,False,False,True
Grape___Black_rot,1.0,203,50,42,812,200,168,300,100,100,True,True,True
Grape___Esca_(Black_Measles),1.0,220,55,71,879,220,284,300,100,100,True,True,True
Grape___Leaf_blight_(Isariopsis_Leaf_Spot),1.0,175,43,51,700,172,204,300,100,100,True,True,True
Grape___healthy,0.0,259,64,100,259,64,100,259,64,100,False,False,True
Orange___Haunglongbing_(Citrus_greening),1.0,651,162,178,3600,927,980,300,97,100,True,True,True
Peach___Bacterial_spot,1.0,202,50,80,1399,356,542,300,99,100,True,True,True
Peach___healthy,1.0,36,9,12,230,59,71,230,59,71,True,False,False
"Pepper,_bell___Bacterial_spot",1.0,118,29,28,675,156,166,299,99,100,True,True,True
"Pepper,_bell___healthy",0.999,108,27,32,919,276,283,299,100,97,True,True,True
Potato___Early_blight,1.0,168,41,41,672,164,164,300,100,100,True,True,True
Potato___Late_blight,1.0,158,39,53,632,156,212,300,100,100,True,True,True
Potato___healthy,1.0,24,6,8,96,24,32,96,24,32,True,False,False
Raspberry___healthy,1.0,18,4,15,166,43,162,166,43,94,True,False,False
Soybean___healthy,1.0,330,82,97,3319,798,973,300,100,99,True,True,True
Squash___Powdery_mildew,0.0,1160,289,372,1169,294,372,300,100,100,False,False,True
Strawberry___Leaf_scorch,0.7,270,67,70,699,210,200,300,100,100,False,False,True
Strawberry___healthy,1.0,76,19,20,300,76,80,300,76,80,True,True,True
Tomato___Bacterial_spot,1.0,339,84,109,1356,335,436,300,100,100,True,True,True
Tomato___Early_blight,0.999,158,39,54,632,153,215,300,100,99,True,True,True
Tomato___Late_blight,0.482,775,193,243,1226,311,372,300,100,100,False,False,True
Tomato___Leaf_Mold,1.0,156,39,43,624,156,172,300,100,100,True,True,True
Tomato___Septoria_leaf_spot,0.565,658,164,199,1108,326,337,300,100,100,False,False,True
Tomato___Spider_mites Two-spotted_spider_mite,1.0,272,67,80,1088,268,320,300,100,100,True,True,True
Tomato___Target_Spot,0.0,893,223,288,893,223,288,300,100,100,False,False,True
Tomato___Tomato_Yellow_Leaf_Curl_Virus,0.511,2104,526,674,3399,858,1100,300,100,100,False,False,True
Tomato___Tomato_mosaic_virus,0.0,246,61,66,246,61,66,246,61,66,False,False,True
Tomato___healthy,0.628,541,135,160,1008,255,328,300,100,100,False,False,True
